"dotted_numeric","dotted_alphanumeric","nid","author","dtCreated","Match_Count","Line Number","Text"
"1","","","","","9","",""
"1","","","","","","1","<OAD,2250,>   9-Dec-83 17:43-PST DCE.TYM ;;;;"
"1","","","","","","2",".Hjournal=&quot;DCE.TYM   9-Dec-83 17:43-PST OAD,2250,&quot;;"
"1","","","","","","3",".Pn=0;.Pes; CPCN84 -- Paper for Compcon84.>>><a"
"1","","","","","","4","href=&quot;#OFFICE-4, ENGELBART,"
"1","","","","","","5","CPCN84.AUG;19,&quot;>&lt;OFFICE-4, ENGELBART,"
"1","","","","","","6","CPCN84.AUG;19,&gt;</a>, 9-Dec-83 17:40-PST DCE ;;;;**NOTE--For"
"1","","","","","","7","PRINTING, See(15:ebsy); Auto re-struct, and Directive"
"1","","","","","","8","Installation, for either Local Printer or Photo-Typesetting.**"
"1","","","","","","9","**NOTE--Submitted for COMPCON Digest, Feb 28 - Mar 1, '84, SF **"
"1.1","1","0178","DCE","Fri 9 Dec 1983 00:21:23 GMT+00:00","3","",""
"1.1","","","","","","1","AUTHORSHIP PROVISIONS IN AUGMENTDouglas C. EngelbartTymshare,"
"1.1","","","","","","2","Inc.Cupertino, California   95014(OAD,2250,) .RM=,8.375;"
"1.1","","","","","","3",".Columns=2; .XBC=,.125;"
"1.2","2","0366","DCE","Sun 4 Dec 1983 06:43:12 GMT+00:00","1","",""
"1.2","","","","","","1","ABSTRACT"
"1.2.1","2a","0409","DCE","Wed 7 Dec 1983 07:52:25 GMT+00:00","18","",""
"1.2.1","","","","","","1","AUGMENT is a text processing system marketed by Tymshare for a"
"1.2.1","","","","","","2","multi-user, network environment.  In AUGMENT's frontend is a"
"1.2.1","","","","","","3","User Interface System that facilitates flexible evolution of"
"1.2.1","","","","","","4","command languages and provides optional command recognition"
"1.2.1","","","","","","5","features.  Exceptionally fast and flexible control of"
"1.2.1","","","","","","6","interactive operations is enabled by concurrent action of mouse"
"1.2.1","","","","","","7","and optional one-handed chord keyset.  Files are hierarchically"
"1.2.1","","","","","","8","structured, and textual address expressions can flexibly specify"
"1.2.1","","","","","","9","any text entity in any file.  The screen may be divided into"
"1.2.1","","","","","","10","arbitrary, rectangular windows, allowing cross-file editing"
"1.2.1","","","","","","11","between windows.  Many options exist for controlling the"
"1.2.1","","","","","","12","&quot;view&quot; of a file's text in a window, e.g.: level"
"1.2.1","","","","","","13","clipping, paragraph truncation, and content filtering."
"1.2.1","","","","","","14","Structural study and modification of on-line documents are"
"1.2.1","","","","","","15","especially facilitated.  A Journal system and &quot;Shared"
"1.2.1","","","","","","16","Screen Teleconferencing&quot; support collaboration among"
"1.2.1","","","","","","17","authors and their colleagues.  Graphic illustrations may be"
"1.2.1","","","","","","18","embedded in the same file with text."
"1.3","3","068","DCE","Sun 4 Dec 1983 06:43:12 GMT+00:00","1","",""
"1.3","","","","","","1","INTRODUCTION"
"1.3.1","3a","0335","DCE","Tue 22 Nov 1983 06:28:04 GMT+00:00","6","",""
"1.3.1","","","","","","1","AUGMENT was designed for augmenting human intellectual"
"1.3.1","","","","","","2","capabilities.  It was targeted particularly toward the core work"
"1.3.1","","","","","","3","of professionals engaged in &quot;tough knowledge work&quot; --"
"1.3.1","","","","","","4","e.g., planning, analyzing, and designing in complex problem"
"1.3.1","","","","","","5","domains.  And special attention was paid to augmenting group"
"1.3.1","","","","","","6","collaboration among workers pursuing common goals."
"1.3.2","3b","0337","DCE","Tue 6 Dec 1983 06:06:32 GMT+00:00","8","",""
"1.3.2","","","","","","1","Authorship has received a great deal of attention in AUGMENT's"
"1.3.2","","","","","","2","evolution, as one of the central human activities to be"
"1.3.2","","","","","","3","augmented.  An important set of provisions within AUGMENT -- in"
"1.3.2","","","","","","4","its architecture, design principles, and specific features -- is"
"1.3.2","","","","","","5","directly aimed toward bringing high performance to the"
"1.3.2","","","","","","6","authorship activities of knowledge workers.  For the purposes of"
"1.3.2","","","","","","7","this paper, we thus speak interchangeably of &quot;knowledge"
"1.3.2","","","","","","8","worker&quot; and &quot;author.&quot;"
"1.3.3","3c","0201","DCE","Tue 22 Nov 1983 06:34:51 GMT+00:00","7","",""
"1.3.3","","","","","","1","We recognize explicitly that highly skilled workers in any"
"1.3.3","","","","","","2","field, and knowledge work is no exception, are those with good"
"1.3.3","","","","","","3","command of their tools.  Our basic design goal was to provide a"
"1.3.3","","","","","","4","set of tools that would not themselves limit the capabilities of"
"1.3.3","","","","","","5","the people using them.  A system designed to encourage more"
"1.3.3","","","","","","6","skilled workers will always enable higher human performance than"
"1.3.3","","","","","","7","one designed to support less skilled workers."
"1.3.4","3d","0312","DCE","Mon 5 Dec 1983 00:22:08 GMT+00:00","10","",""
"1.3.4","","","","","","1","In this regard, our design goal was to provide as much"
"1.3.4","","","","","","2","capability as possible for each level of system usage skill, and"
"1.3.4","","","","","","3","a continuous evolution path between skill levels.  We believe"
"1.3.4","","","","","","4","firmly that knowledge workers are motivated to grow in knowledge"
"1.3.4","","","","","","5","and skill and that provisions in system design should support"
"1.3.4","","","","","","6","this.  As the rest of the paper reveals, this approach"
"1.3.4","","","","","","7","translates into a rich set of AUGMENT provisions, aimed at"
"1.3.4","","","","","","8","providing speed and flexibility for skilled workers in"
"1.3.4","","","","","","9","organizing and pursuing their core knowledge work -- in which"
"1.3.4","","","","","","10","&quot;authorship&quot; is a primary activity."
"1.3.5","3e","076","DCE","Tue 6 Dec 1983 06:07:03 GMT+00:00","6","",""
"1.3.5","","","","","","1","An explicit sub-goal in AUGMENT's development was to"
"1.3.5","","","","","","2","&quot;augment&quot; the development, production and control of"
"1.3.5","","","","","","3","complex technical documentation -- through the whole cycle of"
"1.3.5","","","","","","4","gathering information, planning, creating, collaborating,"
"1.3.5","","","","","","5","reviewing, editing, controlling versions, designing layout, and"
"1.3.5","","","","","","6","producing the final documents."
"1.3.6","3f","0326","DCE","Tue 6 Dec 1983 06:06:44 GMT+00:00","3","",""
"1.3.6","","","","","","1","This paper concentrates upon the development phase of this"
"1.3.6","","","","","","2","cycle.  AUGMENT has well-developed tools to support the later,"
"1.3.6","","","","","","3","production phase, but their discussion is not included here."
"1.3.7","3g","0235","DCE","Thu 8 Dec 1983 00:02:48 GMT+00:00","8","",""
"1.3.7","","","","","","1","Studying another's work provides a well-recognized challenge,"
"1.3.7","","","","","","2","but one of the toughest jobs is to study one's own work during"
"1.3.7","","","","","","3","its development: to see what it really says about Issue X; to"
"1.3.7","","","","","","4","see if it does provide for Concept Y; to see if it is reasonably"
"1.3.7","","","","","","5","organized and structured -- and to do these over a body of"
"1.3.7","","","","","","6","material before it is &quot;polished&quot;, i.e., before it is"
"1.3.7","","","","","","7","well structured, coherently worded, non-redundant and"
"1.3.7","","","","","","8","consistently termed."
"1.4","4","0338","DCE","Sun 4 Dec 1983 06:43:11 GMT+00:00","1","",""
"1.4","","","","","","1","SOME BACKGROUND"
"1.4.1","4a","0339","DCE","Tue 22 Nov 1983 07:13:19 GMT+00:00","1","",""
"1.4.1","","","","","","1","HISTORY"
"1.4.1.1","4a1","075","DCE","Thu 8 Dec 1983 00:03:00 GMT+00:00","11","",""
"1.4.1.1","","","","","","1","AUGMENT is an integrated system of knowledge-worker tools that"
"1.4.1.1","","","","","","2","is marketed by Tymshare's Office Automation Division.  The"
"1.4.1.1","","","","","","3","system was developed at SRI International over an extended"
"1.4.1.1","","","","","","4","period under the sponsorship of NASA, DARPA, and RADC."
"1.4.1.1","","","","","","5","Commercial rights were transferred to Tymshare in 1978 (where"
"1.4.1.1","","","","","","6","the system has since been renamed from NLS to AUGMENT) and its"
"1.4.1.1","","","","","","7","evolution continued.  A short history of AUGMENT's development"
"1.4.1.1","","","","","","8","may be found in <Ref-1>, along with a summary of system"
"1.4.1.1","","","","","","9","characteristics and features.  The general R&amp;D philosophy"
"1.4.1.1","","","","","","10","and the design principles behind AUGMENT'S development are laid"
"1.4.1.1","","","","","","11","out in <a href=&quot;#Ref-2&quot;>&lt;Ref-2&gt;</a>."
"1.4.1.2","4a2","092","DCE","Thu 8 Dec 1983 00:04:03 GMT+00:00","11","",""
"1.4.1.2","","","","","","1","The system evolved on time-shared, mainframe computers, and in a"
"1.4.1.2","","","","","","2","packet-switched network environment.  In 1970 our computer was"
"1.4.1.2","","","","","","3","the second to be attached to the ARPANET, and since 1978 we have"
"1.4.1.2","","","","","","4","also operated extensively in the TYMNET environment.  We have"
"1.4.1.2","","","","","","5","benefited directly from both the time-sharing and the network"
"1.4.1.2","","","","","","6","environments in matters that are important to the authorship"
"1.4.1.2","","","","","","7","process -- especially in dealing with large documents and multi-"
"1.4.1.2","","","","","","8","party documentation activities.  In 1976-77 we conducted some"
"1.4.1.2","","","","","","9","applied studies for the Air Force, as reported in <Ref-3> and <a"
"1.4.1.2","","","","","","10","href=&quot;#Ref-4&quot;>&lt;Ref-4&gt;</a>, which concentrated"
"1.4.1.2","","","","","","11","upon this latter application."
"1.4.2","4b","0313","DCE","Wed 16 Nov 1983 06:48:18 GMT+00:00","1","",""
"1.4.2","","","","","","1","RELEVANT ARCHITECTURAL FEATURES"
"1.4.2.1","4b1","0211","DCE","Thu 8 Dec 1983 00:04:12 GMT+00:00","11","",""
"1.4.2.1","","","","","","1","Perhaps AUGMENT's most unique architectural feature is its User"
"1.4.2.1","","","","","","2","Interface System (UIS), a special software module, which handles"
"1.4.2.1","","","","","","3","the human/computer interfaces to all interactive programs.  It"
"1.4.2.1","","","","","","4","takes care of all command-language dialog and connection"
"1.4.2.1","","","","","","5","protocols, and provides a framework for building a coherent and"
"1.4.2.1","","","","","","6","integrated user environment while supporting flexible evolution"
"1.4.2.1","","","","","","7","on both sides:  on the user's side, with evolution of command"
"1.4.2.1","","","","","","8","function and terminology; and on the technology side, with"
"1.4.2.1","","","","","","9","evolving hardware and software. (Design details are outlined in"
"1.4.2.1","","","","","","10","<Ref-5>; rationale and utilization in <a"
"1.4.2.1","","","","","","11","href=&quot;#Ref-6&quot;>&lt;Ref-6&gt;</a>.)"
"1.4.2.2","4b2","0214","DCE","Tue 6 Dec 1983 06:07:44 GMT+00:00","4","",""
"1.4.2.2","","","","","","1","The UIS provides a reach-through service to non-AUGMENT systems,"
"1.4.2.2","","","","","","2","and can optionally translate back and forth to a foreign"
"1.4.2.2","","","","","","3","program's command language.  It also supports the shared-screen,"
"1.4.2.2","","","","","","4","remote collaboration capability discussed below."
"1.4.2.3","4b3","0314","DCE","Tue 22 Nov 1983 07:25:42 GMT+00:00","3","",""
"1.4.2.3","","","","","","1","AUGMENT's architecture provides for open-ended expansion and"
"1.4.2.3","","","","","","2","flexible evolution of system functionality and worker command"
"1.4.2.3","","","","","","3","languages."
"1.4.2.4","4b4","0347","DCE","Tue 22 Nov 1983 07:25:42 GMT+00:00","7","",""
"1.4.2.4","","","","","","1","It is assumed that for any class of knowledge workers,"
"1.4.2.4","","","","","","2","specialized application systems developed by other parties,"
"1.4.2.4","","","","","","3","perhaps running on other computers, will provide services worth"
"1.4.2.4","","","","","","4","integrating.  The &quot;author class&quot; of worker should be"
"1.4.2.4","","","","","","5","no exception.  Continuing evolution toward the &quot;author"
"1.4.2.4","","","","","","6","workshop of the future&quot; will certainly depend upon some"
"1.4.2.4","","","","","","7","such features in workshop architecture."
"1.4.2.5","4b5","0215","SSM","Wed 21 Oct 1981 07:17:13 GMT+00:00","3","",""
"1.4.2.5","","","","","","1","It provides adaptation for different terminal characteristics,"
"1.4.2.5","","","","","","2","enabling application programers to work as though with a virtual"
"1.4.2.5","","","","","","3","terminal."
"1.4.3","4c","0237","DCE","Fri 29 Jan 1982 05:15:29 GMT+00:00","1","",""
"1.4.3","","","","","","1","FILE CHARACTERISTICS"
"1.4.3.1","4c1","0238","DCE","Thu 8 Dec 1983 00:04:29 GMT+00:00","13","",""
"1.4.3.1","","","","","","1","AUGMENT employs explicitly structured files, with hierarchically"
"1.4.3.1","","","","","","2","organized nodes; each node can contain either or all of:  up to"
"1.4.3.1","","","","","","3","2,000 characters of text, a graphic structure, or other forms of"
"1.4.3.1","","","","","","4","useful data (e.g., digitized speech).  The worker has a definite"
"1.4.3.1","","","","","","5","model in mind for the structuring of any file that he works"
"1.4.3.1","","","","","","6","with; in composing and modifying it he can organize and modify"
"1.4.3.1","","","","","","7","structure using the same verbs as for working with text strings"
"1.4.3.1","","","","","","8","(e.g. Insert, Replace, Move, Copy, Delete), with appropriate"
"1.4.3.1","","","","","","9","structural-entity nouns (e.g., Statement, Branch, Group, Plex)."
"1.4.3.1","","","","","","10","For any existing hierarchical structure, he has many flexible"
"1.4.3.1","","","","","","11","alternatives for addressing its entities, modifying its"
"1.4.3.1","","","","","","12","organization, jumping around within it, and viewing it in a most"
"1.4.3.1","","","","","","13","beneficial manner."
"1.4.3.2","4c2","0241","DCE","Thu 8 Dec 1983 00:01:20 GMT+00:00","6","",""
"1.4.3.2","","","","","","1","(Note:  AUGMENT workers generally use the term"
"1.4.3.2","","","","","","2","&quot;statement&quot; to refer to a file node, which is natural"
"1.4.3.2","","","","","","3","enough since the terminology became established before we added"
"1.4.3.2","","","","","","4","the graphic capability.  Now an AUGMENT &quot;statement&quot;"
"1.4.3.2","","","","","","5","can contain either or both a text statement and a graphic"
"1.4.3.2","","","","","","6","diagram.)"
"1.5","5","0218","DCE","Mon 5 Dec 1983 00:22:26 GMT+00:00","1","",""
"1.5","","","","","","1","CONTROLLING THE TOOLS"
"1.5.1","5a","0234","DCE","Wed 16 Nov 1983 06:46:58 GMT+00:00","9","",""
"1.5.1","","","","","","1","Many of AUGMENT's unique author-support provisions address basic"
"1.5.1","","","","","","2","operations common to almost every task, things done over and"
"1.5.1","","","","","","3","over again.  These operations, executed with speed and"
"1.5.1","","","","","","4","flexibility, provide for composing and modifying one's working"
"1.5.1","","","","","","5","material, and for studying what is there over a wide range of"
"1.5.1","","","","","","6","substantive levels -- from a single text passage to a collection"
"1.5.1","","","","","","7","of end-product draft documents and their associated set of"
"1.5.1","","","","","","8","working notes, reference material, and recorded-message dialog"
"1.5.1","","","","","","9","(assuming all to be on line)."
"1.5.2","5b","0219","DCE","Sun 4 Dec 1983 01:02:52 GMT+00:00","7","",""
"1.5.2","","","","","","1","In the early stages of our program at SRI, we did a great deal"
"1.5.2","","","","","","2","of detailed work on what we called the &quot;control"
"1.5.2","","","","","","3","interface&quot; -- how users control the functional application"
"1.5.2","","","","","","4","of their tools.  These details can be very important to"
"1.5.2","","","","","","5","&quot;low-level&quot; interactions which are done hundreds of"
"1.5.2","","","","","","6","times during a working day.  Some of these details are quite"
"1.5.2","","","","","","7","relevant to bringing high performance to the authorship process."
"1.5.3","5c","0351","DCE","Thu 8 Dec 1983 00:04:44 GMT+00:00","11","",""
"1.5.3","","","","","","1","AUGMENT commands are expressed with verbs, nouns, and"
"1.5.3","","","","","","2","appropriate qualifier words; every command word is designated by"
"1.5.3","","","","","","3","entering one or more characters.  The UIS recognizes the command"
"1.5.3","","","","","","4","word from these characters according to the command-recognition"
"1.5.3","","","","","","5","options designated in each individual's &quot;profile"
"1.5.3","","","","","","6","file.&quot;  Users seem to migrate fairly rapidly to"
"1.5.3","","","","","","7","&quot;expert&quot; recognition modes, where a minimum number of"
"1.5.3","","","","","","8","characters will elicit recognition of command words.  The fully"
"1.5.3","","","","","","9","spelled-out command words are presented in the Command Feedback"
"1.5.3","","","","","","10","Window as soon as they are recognized.  The Backspace Key will"
"1.5.3","","","","","","11","cause backup, one command word at a time."
"1.5.4","5d","0352","DCE","Thu 8 Dec 1983 00:04:58 GMT+00:00","7","",""
"1.5.4","","","","","","1","Of the system requirements behind our choice of this noun-verb"
"1.5.4","","","","","","2","command form, two are particularly relevant here:  (1) The"
"1.5.4","","","","","","3","&quot;vocabulary&quot; of the functions of the tools, and of the"
"1.5.4","","","","","","4","entities they operate upon, must be as extensible as is a"
"1.5.4","","","","","","5","natural language; (2) Textual lists of commands must"
"1.5.4","","","","","","6","conveniently lend themselves to writing, documenting, and"
"1.5.4","","","","","","7","executing as &quot;macro&quot; commands."
"1.5.5","5e","0350","DCE","Thu 8 Dec 1983 00:05:15 GMT+00:00","4","",""
"1.5.5","","","","","","1","Screen selection is done with a mouse.  If the command's noun is"
"1.5.5","","","","","","2","a single, defined text or structure entity, e.g., a"
"1.5.5","","","","","","3","&quot;word&quot;, then there is only one selection needed (e.g.,"
"1.5.5","","","","","","4","to pick any character in the designated word)."
"1.5.6","5f","0353","DCE","Tue 6 Dec 1983 07:03:53 GMT+00:00","8","",""
"1.5.6","","","","","","1","Besides using a standard keyboard for character entry, an"
"1.5.6","","","","","","2","AUGMENT user may optionally use a five-key, one-hand, chord"
"1.5.6","","","","","","3","keyset.  Remarkably little practice is required in order to"
"1.5.6","","","","","","4","enter alphabetic characters, one hand-stroke per character."
"1.5.6","","","","","","5","With less than five hours practice, a person can begin"
"1.5.6","","","","","","6","profitably working in a two-handed, concurrent mode -- operating"
"1.5.6","","","","","","7","the mouse with one hand and simultaneously entering command"
"1.5.6","","","","","","8","characters and short literal strings with the other hand."
"1.5.7","5g","0232","DCE","Fri 2 Dec 1983 07:51:59 GMT+00:00","11","",""
"1.5.7","","","","","","1","Here is an example of a low-level action which reveals some"
"1.5.7","","","","","","2","basic characteristics of high-performance execution.  It is a"
"1.5.7","","","","","","3","very simple situation, but representative of what is met over"
"1.5.7","","","","","","4","and over and over again in doing hard knowledge work.  The"
"1.5.7","","","","","","5","worker is composing or modifying something in one area of the"
"1.5.7","","","","","","6","screen, when his eye catches a one-character typo in another"
"1.5.7","","","","","","7","area.  For a skilled AUGMENT worker, the typo could be corrected"
"1.5.7","","","","","","8","in less time than it would take someone to point it out to him"
"1.5.7","","","","","","9","-- with three quick strokes of the keyset hand during a casual"
"1.5.7","","","","","","10","flick of the mouse hand, and an absolute minimum of visual and"
"1.5.7","","","","","","11","mental attention taken from the other ongoing task."
"1.5.8","5h","0354","DCE","Mon 5 Dec 1983 00:20:34 GMT+00:00","7","",""
"1.5.8","","","","","","1","Fast, flexible, graceful, low effort -- these are important to"
"1.5.8","","","","","","2","all high-frequency, low-level, knowledge-work actions.  This"
"1.5.8","","","","","","3","same kind of speed and flexibility are achieved by skilled"
"1.5.8","","","","","","4","AUGMENT workers in executing all of the other functional"
"1.5.8","","","","","","5","features described below.  Description of mouse and keyset, and"
"1.5.8","","","","","","6","their concurrent employment, may be found in <a"
"1.5.8","","","","","","7","href=&quot;#Ref-7&quot;>&lt;Ref-7&gt;</a>."
"1.6","6","0239","DCE","Mon 5 Dec 1983 00:22:33 GMT+00:00","1","",""
"1.6","","","","","","1","ADDRESSING THE WORKING MATERIALS"
"1.6.1","6a","0240","DCE","Thu 8 Dec 1983 00:05:39 GMT+00:00","7","",""
"1.6.1","","","","","","1","There is a consistent set of addressing features that a worker"
"1.6.1","","","","","","2","may use in any command to designate a particular structural node"
"1.6.1","","","","","","3","or some element of text or graphics attached to that node.  It"
"1.6.1","","","","","","4","adds appreciably to the power and flexibility of the system"
"1.6.1","","","","","","5","commands to have a rich, universally applicable vocabulary for"
"1.6.1","","","","","","6","directly addressing particular entities within the working"
"1.6.1","","","","","","7","files.  Below are some examples."
"1.6.2","6b","0242","DCE","Sun 4 Dec 1983 00:56:00 GMT+00:00","1","",""
"1.6.2","","","","","","1","EXPLICIT STATEMENT ADDRESSES"
"1.6.2.1","6b1","0367","DCE","Sun 4 Dec 1983 00:55:59 GMT+00:00","2","",""
"1.6.2.1","","","","","","1","There are four &quot;handles&quot; by which a given statement"
"1.6.2.1","","","","","","2","may be directly addressed:"
"1.6.2.2","6b2","0243","EKM","Wed 7 Dec 1983 06:55:17 GMT+00:00","11","",""
"1.6.2.2","","","","","","1","STRUCTURAL STATEMENT NUMBER.  This designates the current"
"1.6.2.2","","","","","","2","&quot;structural location&quot; of the statement.  It is"
"1.6.2.2","","","","","","3","assigned by the system, depending upon where the worker installs"
"1.6.2.2","","","","","","4","or moves a statement within an existing structure, or how that"
"1.6.2.2","","","","","","5","structure might have been re-organized subsequently.  It is"
"1.6.2.2","","","","","","6","usually expressed as an alternating sequence of number-letter"
"1.6.2.2","","","","","","7","fields -- e.g. &quot;1&quot;, &quot;1a&quot;, &quot;1a1&quot;,"
"1.6.2.2","","","","","","8","&quot;1a2&quot;, and &quot;1b&quot;.  At a worker's option,"
"1.6.2.2","","","","","","9","these same statement numbers could be shown as &quot;1&quot;,"
"1.6.2.2","","","","","","10","&quot;1.1&quot;, &quot;1.1.1&quot;, &quot;1.1.2&quot;, or"
"1.6.2.2","","","","","","11","&quot;1.2&quot;, but this bulkier alternative is seldom chosen."
"1.6.2.3","6b3","0244","DCE","Thu 8 Dec 1983 00:06:03 GMT+00:00","9","",""
"1.6.2.3","","","","","","1","STATEMENT IDENTIFIER, or SID.  This is a unique integer,"
"1.6.2.3","","","","","","2","assigned in sequential order by the system as each statement is"
"1.6.2.3","","","","","","3","first inserted, and which stays with a statement no matter how"
"1.6.2.3","","","","","","4","much its content may be altered or where it may be moved in its"
"1.6.2.3","","","","","","5","file structure.  To make it uniquely recognizable for what it"
"1.6.2.3","","","","","","6","is, a SID is always displayed, printed, or designated with a"
"1.6.2.3","","","","","","7","prefixed &quot;0&quot; -- e.g., &quot;012&quot;,"
"1.6.2.3","","","","","","8","&quot;0417&quot;, etc.  SIDs are particularly useful for"
"1.6.2.3","","","","","","9","referencing passages in a document while it is evolving."
"1.6.2.4","6b4","0245","DCE","Thu 8 Dec 1983 00:08:47 GMT+00:00","9","",""
"1.6.2.4","","","","","","1","A WORKER-ASSIGNED STATEMENT NAME (or label).  For any statement"
"1.6.2.4","","","","","","2","or part of the file structure, an author can designate as"
"1.6.2.4","","","","","","3","&quot;name delimiters&quot; a pair of characters that indicate"
"1.6.2.4","","","","","","4","to the system when the first word of a statement is to be"
"1.6.2.4","","","","","","5","treated as a name for that statement.  For instance, if"
"1.6.2.4","","","","","","6","&quot;(&quot; and &quot;)&quot; are set by the author as name"
"1.6.2.4","","","","","","7","delimiters for a specified part of the file, any parenthesized"
"1.6.2.4","","","","","","8","first word in a statement would be recognized by the system as"
"1.6.2.4","","","","","","9","that statement's name."
"1.6.2.5","6b5","0359","EKM","Wed 7 Dec 1983 06:56:39 GMT+00:00","2","",""
"1.6.2.5","","","","","","1","(Note:  It is optional whether to have any of the above three"
"1.6.2.5","","","","","","2","identifiers displayed or printed with the statements' text.)"
"1.6.2.6","6b6","0246","DCE","Thu 8 Dec 1983 00:09:03 GMT+00:00","9","",""
"1.6.2.6","","","","","","1","A DIRECT SCREEN SELECTION.  When a statement to be designated is"
"1.6.2.6","","","","","","2","displayed in a window, usually the best way to"
"1.6.2.6","","","","","","3","&quot;address&quot; it is to use the mouse to position the"
"1.6.2.6","","","","","","4","cursor anywhere on the statement and depress the mouse's"
"1.6.2.6","","","","","","5","&quot;Select&quot; key (indicated below by &quot;<a"
"1.6.2.6","","","","","","6","href=&quot;#Select&quot;>&lt;Select&gt;</a>&quot;).  This mode"
"1.6.2.6","","","","","","7","is generally used for text manipulation -- selecting characters,"
"1.6.2.6","","","","","","8","words, numbers, visibles, invisibles, etc. (any of the text"
"1.6.2.6","","","","","","9","entities which have been made system recognizable)."
"1.6.3","6c","0248","DCE","Sun 4 Dec 1983 00:57:10 GMT+00:00","1","",""
"1.6.3","","","","","","1","MARKERS"
"1.6.3.1","6c1","0368","DCE","Tue 6 Dec 1983 06:09:00 GMT+00:00","9","",""
"1.6.3.1","","","","","","1","As one &quot;holds a place&quot; in a book by leaving a"
"1.6.3.1","","","","","","2","temporary place marker in it, an author can place"
"1.6.3.1","","","","","","3","&quot;markers&quot; at arbitrary locations within an AUGMENT"
"1.6.3.1","","","","","","4","file.  When placing a marker, he attaches it to a specific"
"1.6.3.1","","","","","","5","character in the text and gives it a name or label.  Marker"
"1.6.3.1","","","","","","6","names are local to each file.  Simple commands provide for"
"1.6.3.1","","","","","","7","displaying where one's markers are located and what their names"
"1.6.3.1","","","","","","8","are, for deleting or moving a marker, or for installing a new"
"1.6.3.1","","","","","","9","one."
"1.6.3.2","6c2","0249","DCE","Tue 6 Dec 1983 06:09:48 GMT+00:00","11","",""
"1.6.3.2","","","","","","1","A marker name may be included in an address expression, to"
"1.6.3.2","","","","","","2","provide another way of designating an address.  A marker name"
"1.6.3.2","","","","","","3","can designate not only a particular statement, but a specific"
"1.6.3.2","","","","","","4","character within that statement.  For example, &quot;Copy Word"
"1.6.3.2","","","","","","5","#x (to follow word) <a"
"1.6.3.2","","","","","","6","href=&quot;#Select&quot;>&lt;Select&gt;</a>&quot; would"
"1.6.3.2","","","","","","7","designate that a word located somewhere in the file and marked"
"1.6.3.2","","","","","","8","with an &quot;x&quot; is to be copied to follow the cursor-"
"1.6.3.2","","","","","","9","selected word.  There are many unique ways in which markers may"
"1.6.3.2","","","","","","10","be employed by an author who has integrated their artful use"
"1.6.3.2","","","","","","11","into her working methodology."
"1.6.3.3","6c3","0247","DCE","Thu 8 Dec 1983 00:09:17 GMT+00:00","8","",""
"1.6.3.3","","","","","","1","As a comparative example of some of the foregoing addressing"
"1.6.3.3","","","","","","2","forms, consider a statement whose SID is &quot;069&quot;, whose"
"1.6.3.3","","","","","","3","statement number is &quot;3b5&quot;, that has statement-name"
"1.6.3.3","","","","","","4","delimiters designated for it as &quot;NULL&quot; and"
"1.6.3.3","","","","","","5","&quot;:&quot;, that starts with the text &quot;Capacity: For"
"1.6.3.3","","","","","","6","every ...&quot;, and that has a marker named &quot;x&quot;"
"1.6.3.3","","","","","","7","positioned on one of its characters.  A command to move this"
"1.6.3.3","","","","","","8","statement could optionally be expressed as:"
"1.6.3.3.1","6c3a","0343","DCE","Sun 4 Dec 1983 06:59:36 GMT+00:00","2","",""
"1.6.3.3.1","","","","","","1","&quot;Move Statement <a"
"1.6.3.3.1","","","","","","2","href=&quot;#Select&quot;>&lt;Select&gt;</a> ...&quot;,"
"1.6.3.3.2","6c3b","0346","DCE","Sun 4 Dec 1983 06:59:37 GMT+00:00","1","",""
"1.6.3.3.2","","","","","","1","&quot;Move Statement 3b5 ...&quot;,"
"1.6.3.3.3","6c3c","0345","DCE","Sun 4 Dec 1983 06:59:37 GMT+00:00","1","",""
"1.6.3.3.3","","","","","","1","&quot;Move Statement 069 ...&quot;,"
"1.6.3.3.4","6c3d","0344","DCE","Sun 4 Dec 1983 06:59:37 GMT+00:00","1","",""
"1.6.3.3.4","","","","","","1","&quot;Move Statement Capacity ...&quot;, or"
"1.6.3.3.5","6c3e","0342","DCE","Sun 4 Dec 1983 06:59:37 GMT+00:00","1","",""
"1.6.3.3.5","","","","","","1","&quot;Move Statement #x ...&quot;."
"1.6.4","6d","0250","DCE","Sun 4 Dec 1983 00:57:19 GMT+00:00","1","",""
"1.6.4","","","","","","1","RELATIVE-ADDRESS EXTENSIONS"
"1.6.4.1","6d1","0369","DCE","Thu 8 Dec 1983 00:09:35 GMT+00:00","11","",""
"1.6.4.1","","","","","","1","A sequence of characters may be appended to the address of a"
"1.6.4.1","","","","","","2","given statement to specify an address of a position"
"1.6.4.1","","","","","","3","&quot;relative&quot; to that statement.  A major class of these"
"1.6.4.1","","","","","","4","designations deals with relative structural location, such as:"
"1.6.4.1","","","","","","5","Up a level, Down a level, Successor at same level, Predecessor"
"1.6.4.1","","","","","","6","at same level, Head at this level, Tail at this level, and End"
"1.6.4.1","","","","","","7","statement at last and lowest position in this branch.  A period"
"1.6.4.1","","","","","","8","(&quot;.&quot;) in the address string indicates that relative"
"1.6.4.1","","","","","","9","addressing is beginning, and each of these relative-location"
"1.6.4.1","","","","","","10","designators is indicated with a directly mnemonic, one-letter"
"1.6.4.1","","","","","","11","designation."
"1.6.4.2","6d2","0251","DCE","Thu 17 Nov 1983 00:37:23 GMT+00:00","5","",""
"1.6.4.2","","","","","","1","For example, &quot;Move Statement 0609 (to follow statement)"
"1.6.4.2","","","","","","2","4b.dt&quot; would move Statement 0609 to follow the tail"
"1.6.4.2","","","","","","3","statement of the substructure one level down from Statement 4b"
"1.6.4.2","","","","","","4","-- or, to conceptualize the associated address-location pathway,"
"1.6.4.2","","","","","","5","&quot;go to 4b, then Down a level and to the Tail&quot;."
"1.6.5","6e","0321","DCE","Thu 17 Nov 1983 01:38:28 GMT+00:00","1","",""
"1.6.5","","","","","","1","EMBEDDED CITATION LINKS"
"1.6.5.1","6e1","0252","DCE","Tue 6 Dec 1983 06:22:19 GMT+00:00","14","",""
"1.6.5.1","","","","","","1","A special use of address expressions is within an explicit text"
"1.6.5.1","","","","","","2","entity that we call a &quot;Citation Link&quot; (or"
"1.6.5.1","","","","","","3","&quot;Link&quot; for short).  Links are used as textual"
"1.6.5.1","","","","","","4","citations to some specific file item within the workshop domain."
"1.6.5.1","","","","","","5","A link is delimited by parentheses or angle brackets and"
"1.6.5.1","","","","","","6","contains a valid address string whose path leads to the cited"
"1.6.5.1","","","","","","7","file entity.  For example, &quot;(0306)&quot; or"
"1.6.5.1","","","","","","8","&quot;(4b.dt)&quot; are valid links.  Also, the reference items"
"1.6.5.1","","","","","","9","at the end of this paper are statements named &quot;Ref-1&quot;,"
"1.6.5.1","","","","","","10","&quot;Ref-2&quot;, etc., and as such can be cited with links"
"1.6.5.1","","","","","","11","&quot;<Ref-1>&quot;, &quot;<a"
"1.6.5.1","","","","","","12","href=&quot;#Ref-2&quot;>&lt;Ref-2&gt;</a>&quot;, etc.  An"
"1.6.5.1","","","","","","13","AUGMENT reader may travel via such a link directly to the"
"1.6.5.1","","","","","","14","referenced bibliographic citation."
"1.6.5.2","6e2","0253","DCE","Mon 5 Dec 1983 00:29:11 GMT+00:00","12","",""
"1.6.5.2","","","","","","1","A special feature in AUGMENT's link provisions is the use of"
"1.6.5.2","","","","","","2","&quot;indirect link referencing&quot;.  In path-following terms,"
"1.6.5.2","","","","","","3","including &quot;.l&quot; in an address string stipulates,"
"1.6.5.2","","","","","","4","&quot;scan forward from this point to the next link, and follow"
"1.6.5.2","","","","","","5","that link to its target.&quot;  For example, to follow the path"
"1.6.5.2","","","","","","6","prescribed by link &quot;(4b.l)&quot;, one would &quot;go to 4b,"
"1.6.5.2","","","","","","7","then find the first link in that statement and follow the path"
"1.6.5.2","","","","","","8","that it specifies.&quot;  This latter path in turn could"
"1.6.5.2","","","","","","9","prescribe use of another link, etc.  There is no intrinsic limit"
"1.6.5.2","","","","","","10","to the number of these indirect links that may be employed in a"
"1.6.5.2","","","","","","11","given path -- only a natural caution against such a path looping"
"1.6.5.2","","","","","","12","back upon itself."
"1.6.5.3","6e3","0362","DCE","Thu 8 Dec 1983 00:10:21 GMT+00:00","10","",""
"1.6.5.3","","","","","","1","As an example, note that &quot;<Ref-1>&quot; is a link to the"
"1.6.5.3","","","","","","2","statement named &quot;Ref-1&quot;, a bibliographic citation at"
"1.6.5.3","","","","","","3","the end of this paper.  In that citation, there is a link to the"
"1.6.5.3","","","","","","4","original source document of the referenced publication,"
"1.6.5.3","","","","","","5","permanently stored in the AUGMENT Journal as Item 71279 (the"
"1.6.5.3","","","","","","6","Journal is described below).  The point to be made here is that"
"1.6.5.3","","","","","","7","with the link &quot;<a"
"1.6.5.3","","","","","","8","href=&quot;#Ref-1.l&quot;>&lt;Ref-1.l&gt;</a>&quot;, I can"
"1.6.5.3","","","","","","9","reference the original source document -- and a Jump Link"
"1.6.5.3","","","","","","10","command would &quot;take me there.&quot;"
"1.6.6","6f","0322","DCE","Fri 18 Nov 1983 00:23:54 GMT+00:00","1","",""
"1.6.6","","","","","","1","TEXT AND CONTENT ADDRESSING"
"1.6.6.1","6f1","0254","DCE","Thu 8 Dec 1983 00:10:32 GMT+00:00","8","",""
"1.6.6.1","","","","","","1","Other addressing options include scanning for a content match,"
"1.6.6.1","","","","","","2","and/or stepping backward and forward a given number of"
"1.6.6.1","","","","","","3","characters or words (or other text entities).  For instance, the"
"1.6.6.1","","","","","","4","foregoing link could have involved a bit more smarts in"
"1.6.6.1","","","","","","5","designating which link to follow:  e.g., the path for '(4b"
"1.6.6.1","","","","","","6","&quot;*D&quot; .l)' would be &quot;to 4b, scan for first"
"1.6.6.1","","","","","","7","occurrence of &quot;*D&quot;, then follow the next link found in"
"1.6.6.1","","","","","","8","that statement.&quot;"
"1.6.7","6g","0257","DCE","Sun 4 Dec 1983 00:57:39 GMT+00:00","1","",""
"1.6.7","","","","","","1","OTHER-FILE ADDRESSING"
"1.6.7.1","6g1","0370","DCE","Sun 4 Dec 1983 00:57:39 GMT+00:00","6","",""
"1.6.7.1","","","","","","1","By preceding an in-file address string with a file address, and"
"1.6.7.1","","","","","","2","separating the two strings with a comma, one obtains a composite"
"1.6.7.1","","","","","","3","address designating a given entity within a given file."
"1.6.7.1","","","","","","4","Extending this principle lets one prefix the file name with a"
"1.6.7.1","","","","","","5","directory name in which the file is to be found; and further,"
"1.6.7.1","","","","","","6","one can prefix this with a host-computer name."
"1.6.7.2","6g2","0258","DCE","Thu 8 Dec 1983 00:10:38 GMT+00:00","6","",""
"1.6.7.2","","","","","","1","For example, '(Office-5, Program-Documentation, Sequence-Doc,"
"1.6.7.2","","","","","","2","Specifications &quot;Journal&quot;)' specifies the path:  to the"
"1.6.7.2","","","","","","3","Office-5 host computer, to its Program-Documentation file"
"1.6.7.2","","","","","","4","directory, to its Sequence-Doc file, to its statement named"
"1.6.7.2","","","","","","5","&quot;Specifications&quot;, and then scan to the location of the"
"1.6.7.2","","","","","","6","text &quot;Journal&quot;."
"1.6.7.3","6g3","0259","DCE","Thu 8 Dec 1983 00:10:48 GMT+00:00","13","",""
"1.6.7.3","","","","","","1","If a person were working on the Office-5 host, he would only"
"1.6.7.3","","","","","","2","have to specify '(Program-Documentation, Sequence-Doc,"
"1.6.7.3","","","","","","3","Specifications &quot;Journal&quot;)'.  If he were already"
"1.6.7.3","","","","","","4","working within a file with its &quot;link default&quot; set to"
"1.6.7.3","","","","","","5","the Program-Documentation directory, he would only have to"
"1.6.7.3","","","","","","6","specify '(Sequence-Doc, Specifications &quot;Journal&quot;)'."
"1.6.7.3","","","","","","7","And if he were already working within the Sequence-Doc file, he"
"1.6.7.3","","","","","","8","would only have to specify '(Specifications"
"1.6.7.3","","","","","","9","&quot;Journal&quot;)'.  And if he were planning to reference"
"1.6.7.3","","","","","","10","items relative to the Statement named &quot;Specifications&quot;"
"1.6.7.3","","","","","","11","very often, he could affix a marker (e.g., named &quot;s&quot;)"
"1.6.7.3","","","","","","12","to its front and would then only have to specify '(#s"
"1.6.7.3","","","","","","13","&quot;Journal&quot;)'."
"1.6.7.4","6g4","0260","DCE","Thu 8 Dec 1983 00:11:12 GMT+00:00","13","",""
"1.6.7.4","","","","","","1","Or, suppose he were working in another file in a different"
"1.6.7.4","","","","","","2","directory on Office-5 and wanted to reference items relative to"
"1.6.7.4","","","","","","3","that same &quot;far off&quot; statement with special ease:  in"
"1.6.7.4","","","","","","4","some temporary place in that file he could install a statement"
"1.6.7.4","","","","","","5","named &quot;Ref&quot; (for example) containing the textual link,"
"1.6.7.4","","","","","","6","&quot;(Program-Documentation, Sequence-Doc,"
"1.6.7.4","","","","","","7","Specifications)&quot;.  He could then cite the above reference"
"1.6.7.4","","","","","","8","with the link, '(Ref.l &quot;Journal&quot;)'.  This path"
"1.6.7.4","","","","","","9","description is:  go to the statement in this file named"
"1.6.7.4","","","","","","10","&quot;Ref&quot;, take the first link that you find there"
"1.6.7.4","","","","","","11","(traveling across intervening directories and files and"
"1.6.7.4","","","","","","12","statements), and beginning in the statement on the other end of"
"1.6.7.4","","","","","","13","that link, scan forward to the string &quot;Journal&quot;."
"1.6.8","6h","0256","DCE","Tue 6 Dec 1983 06:24:33 GMT+00:00","9","",""
"1.6.8","","","","","","1","This is only a cursory treatment, but should illustrate well"
"1.6.8","","","","","","2","enough what is meant by &quot;a rich and flexible addressing"
"1.6.8","","","","","","3","vocabulary.&quot;  As with other high-performance features in"
"1.6.8","","","","","","4","AUGMENT, a beginner is not forced to become involved in the"
"1.6.8","","","","","","5","larger vocabulary in order to do useful work (with productivity"
"1.6.8","","","","","","6","on at least a par with some other, restricted-vocabulary"
"1.6.8","","","","","","7","system).  But an AUGMENT worker interested in higher performance"
"1.6.8","","","","","","8","can steadily pick up more of the optional vocabulary and skills"
"1.6.8","","","","","","9","in a smooth, upward-compatible progression."
"1.7","7","0263","DCE","Mon 5 Dec 1983 00:22:36 GMT+00:00","1","",""
"1.7","","","","","","1","CONTROLLING THE VIEWS"
"1.7.1","7a","0372","DCE","Tue 6 Dec 1983 06:24:46 GMT+00:00","5","",""
"1.7.1","","","","","","1","A user of a book, or of most on-line text systems, is"
"1.7.1","","","","","","2","constrained to viewing the text as though he had a window"
"1.7.1","","","","","","3","through which he sees a fixed, formatted document.  But as"
"1.7.1","","","","","","4","described below, our worker can view a section of text in many"
"1.7.1","","","","","","5","ways, depending upon his need of the moment."
"1.7.2","7b","0262","EKM","Wed 7 Dec 1983 06:45:25 GMT+00:00","1","",""
"1.7.2","","","","","","1","MULTIPLE WINDOWS"
"1.7.2.1","7b1","0424","EKM","Wed 7 Dec 1983 06:45:25 GMT+00:00","8","",""
"1.7.2.1","","","","","","1","For whatever total screen area is available to the worker, his"
"1.7.2.1","","","","","","2","general performance will be improved significantly if he can"
"1.7.2.1","","","","","","3","flexibly allocate that area into arbitrary-sized windows whose"
"1.7.2.1","","","","","","4","contents can be independently controlled.  AUGMENT has long"
"1.7.2.1","","","","","","5","provided this basic capability, along with the provision that"
"1.7.2.1","","","","","","6","material from any accessible file may be shown in any window,"
"1.7.2.1","","","","","","7","and also that screen-select copying or moving can be done across"
"1.7.2.1","","","","","","8","the different windows."
"1.7.2.2","7b2","0363","DCE","Tue 6 Dec 1983 06:29:34 GMT+00:00","7","",""
"1.7.2.2","","","","","","1","(Note:  Cross-file editing can be done at any time, between any"
"1.7.2.2","","","","","","2","two legally accessible files.  If one or the other file's"
"1.7.2.2","","","","","","3","material or destination is not being displayed in any of the"
"1.7.2.2","","","","","","4","windows, one may always opt to employ a textual address"
"1.7.2.2","","","","","","5","expression instead of a <a"
"1.7.2.2","","","","","","6","href=&quot;#Select&quot;>&lt;Select&gt;</a> within any editing"
"1.7.2.2","","","","","","7","command.)"
"1.7.2.3","7b3","0264","DCE","Thu 8 Dec 1983 00:11:51 GMT+00:00","11","",""
"1.7.2.3","","","","","","1","User-adjustable parameters are used to control the view"
"1.7.2.3","","","","","","2","presented on the display.  Adjusting one's view parameters is a"
"1.7.2.3","","","","","","3","constantly used AUGMENT feature that has solidly proved its"
"1.7.2.3","","","","","","4","value.  To facilitate their quick and flexible use, the view-"
"1.7.2.3","","","","","","5","specification actions evolved into cryptic, single-character"
"1.7.2.3","","","","","","6","codes, called &quot;viewspecs.&quot;  The syntax of all Jump"
"1.7.2.3","","","","","","7","commands (used for traveling) includes the option of designating"
"1.7.2.3","","","","","","8","new viewspecs, and a special combination of mouse buttons"
"1.7.2.3","","","","","","9","enables quick, concurrent, keyset action to change the viewspecs"
"1.7.2.3","","","","","","10","for a given window.  Here are a few of the frequently used view"
"1.7.2.3","","","","","","11","controls:"
"1.7.3","7c","0425","EKM","Wed 7 Dec 1983 06:45:30 GMT+00:00","1","",""
"1.7.3","","","","","","1","WINDOW VIEWS"
"1.7.3.1","7c1","0265","DCE","Thu 8 Dec 1983 00:12:04 GMT+00:00","5","",""
"1.7.3.1","","","","","","1","STRUCTURE CUTOFF.  Show only the statements that lie"
"1.7.3.1","","","","","","2","&quot;below&quot; this statement in the structure (i.e., this"
"1.7.3.1","","","","","","3","&quot;branch&quot;); or show only those following statements"
"1.7.3.1","","","","","","4","that are at this level or deeper; or show all of the following"
"1.7.3.1","","","","","","5","statements that will fit in this window."
"1.7.3.2","7c2","0266","DCE","Tue 6 Dec 1983 06:30:01 GMT+00:00","5","",""
"1.7.3.2","","","","","","1","LEVEL CLIPPING.  For the designated structure cutoff, show only"
"1.7.3.2","","","","","","2","the statements down to a specified level.  Lower-level"
"1.7.3.2","","","","","","3","statements are &quot;clipped&quot; from the view; the worker can"
"1.7.3.2","","","","","","4","thus view just a selected number of the upper levels of his"
"1.7.3.2","","","","","","5","document/file."
"1.7.3.3","7c3","0267","DCE","Tue 6 Dec 1983 06:30:15 GMT+00:00","4","",""
"1.7.3.3","","","","","","1","STATEMENT TRUNCATION.  For those statements brought into view"
"1.7.3.3","","","","","","2","(as selected by other view specifications), show only their"
"1.7.3.3","","","","","","3","first n lines.  Truncation to one line is often used, along with"
"1.7.3.3","","","","","","4","level clipping, in order to get an effective overview."
"1.7.3.4","7c4","0268","DCE","Sun 4 Dec 1983 00:59:02 GMT+00:00","2","",""
"1.7.3.4","","","","","","1","INTER-STATEMENT SEPARATION.  For viewing ease -- blank lines can"
"1.7.3.4","","","","","","2","be optionally installed between statements."
"1.7.3.5","7c5","0364","DCE","Sun 4 Dec 1983 00:28:07 GMT+00:00","2","",""
"1.7.3.5","","","","","","1","(Note:  The foregoing view controls are extremely helpful when"
"1.7.3.5","","","","","","2","studying and modifying a document's structural organization.)"
"1.7.3.6","7c6","0269","DCE","Tue 6 Dec 1983 06:30:32 GMT+00:00","5","",""
"1.7.3.6","","","","","","1","STATEMENT NUMBERS AND NAMES.  Optionally, for a given window,"
"1.7.3.6","","","","","","2","show the Statement Number (or the SID) of each statement -- with"
"1.7.3.6","","","","","","3","an option for showing them at either the right or at the left"
"1.7.3.6","","","","","","4","margin.  Independently, the showing of statement names may be"
"1.7.3.6","","","","","","5","turned on or off."
"1.7.3.7","7c7","0270","DCE","Tue 6 Dec 1983 06:31:08 GMT+00:00","7","",""
"1.7.3.7","","","","","","1","FROZEN STATEMENTS.  A worker may select a number of statements,"
"1.7.3.7","","","","","","2","in random order, and designate them as &quot;frozen.&quot;  One"
"1.7.3.7","","","","","","3","of the view-specification options is to have the frozen"
"1.7.3.7","","","","","","4","statements appear at the top of the frame, with the rest of that"
"1.7.3.7","","","","","","5","window left for normal viewing and editing.  The frozen"
"1.7.3.7","","","","","","6","statements may be edited, or even cross-edited between any other"
"1.7.3.7","","","","","","7","displayed (or addressable) statements."
"1.7.3.8","7c8","0271","DCE","Tue 6 Dec 1983 06:31:41 GMT+00:00","10","",""
"1.7.3.8","","","","","","1","USER-SPECIFIED CONTENT FILTERS.  A simple content-analysis"
"1.7.3.8","","","","","","2","language may be used in a &quot;Set Content Pattern&quot;"
"1.7.3.8","","","","","","3","command, which compiles a little content-checking program.  One"
"1.7.3.8","","","","","","4","of the view-specification options will cause the system to"
"1.7.3.8","","","","","","5","display only those statements which satisfy both the structure"
"1.7.3.8","","","","","","6","and level conditions imposed by other viewspecs, and which also"
"1.7.3.8","","","","","","7","pass the content-analysis test applied by this program.  Where"
"1.7.3.8","","","","","","8","desired, very sophisticated content-analysis programs may be"
"1.7.3.8","","","","","","9","written, using a full-blown programming language, and placed on"
"1.7.3.8","","","","","","10","call for any user."
"1.7.4","7d","0272","EKM","Wed 7 Dec 1983 06:45:34 GMT+00:00","1","",""
"1.7.4","","","","","","1","USER-SPECIFIED SEQUENCE GENERATORS"
"1.7.4.1","7d1","0426","EKM","Wed 7 Dec 1983 06:45:33 GMT+00:00","10","",""
"1.7.4.1","","","","","","1","In the foregoing, a &quot;view&quot; is created by beginning at"
"1.7.4.1","","","","","","2","a designated location in a document (file) and selecting certain"
"1.7.4.1","","","","","","3","of the the &quot;following&quot; statements for display,"
"1.7.4.1","","","","","","4","according to the viewing parameters -- possibly suppressing"
"1.7.4.1","","","","","","5","statements that don't pass the test of a content-analysis"
"1.7.4.1","","","","","","6","program.  This is essentially a &quot;parameterized sequence"
"1.7.4.1","","","","","","7","generator,&quot; and provides very useful options for"
"1.7.4.1","","","","","","8","selectively viewing statements within a document; however, it"
"1.7.4.1","","","","","","9","works only by selectively discarding statements from a sequence"
"1.7.4.1","","","","","","10","provided in standard order."
"1.7.4.2","7d2","0273","DCE","Thu 17 Nov 1983 06:59:50 GMT+00:00","7","",""
"1.7.4.2","","","","","","1","Application programmers can provide alternate sequence-generator"
"1.7.4.2","","","","","","2","programs, which any user can invoke in a straightforward manner."
"1.7.4.2","","","","","","3","In such a case, the apparent structure being presented to the"
"1.7.4.2","","","","","","4","user could be generated from a sequence of candidate statements"
"1.7.4.2","","","","","","5","according to any rules one may invent -- and the actual views"
"1.7.4.2","","","","","","6","could be further controlled by the above-described viewspecs for"
"1.7.4.2","","","","","","7","level clipping, truncation, content filtering, etc."
"1.7.4.3","7d3","0274","DCE","Tue 6 Dec 1983 06:32:40 GMT+00:00","11","",""
"1.7.4.3","","","","","","1","Perhaps the most commonly used, special sequence generator is"
"1.7.4.3","","","","","","2","one that provides an &quot;Include&quot; feature, where"
"1.7.4.3","","","","","","3","specially tagged links embedded in the text will cause their"
"1.7.4.3","","","","","","4","cited passages to be &quot;included&quot; in place of the"
"1.7.4.3","","","","","","5","Include-Link statements, as though they were part of this file."
"1.7.4.3","","","","","","6","This provision enables arbitrary assemblage of text and"
"1.7.4.3","","","","","","7","formatting directives, from a wide collection of files, to"
"1.7.4.3","","","","","","8","represent a virtual, one-document, super file.  For instance,"
"1.7.4.3","","","","","","9","the whole assemblage could be passed to the formatter, by means"
"1.7.4.3","","","","","","10","of a single user action, to generate a composite, photo-typeset"
"1.7.4.3","","","","","","11","document."
"1.8","8","0275","DCE","Thu 8 Dec 1983 00:12:24 GMT+00:00","1","",""
"1.8","","","","","","1","TRAVELING THROUGH THE WORKING FILES"
"1.8.1","8a","0276","DCE","Thu 8 Dec 1983 00:12:27 GMT+00:00","6","",""
"1.8.1","","","","","","1","An important provision in AUGMENT enables an author to freely"
"1.8.1","","","","","","2","&quot;travel around&quot; in his on-line file space to reach a"
"1.8.1","","","","","","3","particular &quot;view point&quot; of his choice -- i.e., the"
"1.8.1","","","","","","4","position within a file from which the system develops the"
"1.8.1","","","","","","5","desired form of &quot;view&quot; according to the currently"
"1.8.1","","","","","","6","invoked view specifications."
"1.8.2","8b","0277","DCE","Thu 8 Dec 1983 00:12:44 GMT+00:00","16","",""
"1.8.2","","","","","","1","Traveling from one view point to another is accomplished by Jump"
"1.8.2","","","","","","2","commands, of which the simplest perhaps is a direct Jump to a"
"1.8.2","","","","","","3","statement designated by a screen selection.  Then, for a worker"
"1.8.2","","","","","","4","grown used to employing address strings, a next form would be a"
"1.8.2","","","","","","5","Jump on an embedded link, or to a statement designated by a"
"1.8.2","","","","","","6","typed-in address string -- using any combination of the"
"1.8.2","","","","","","7","addressing elements and viewspecs described above.  For example,"
"1.8.2","","","","","","8","the link &quot;<4b:mI>&quot; points to the Statement 4b, while"
"1.8.2","","","","","","9","invoking viewspecs &quot;m&quot; and &quot;I&quot; which cause"
"1.8.2","","","","","","10","the statements' SIDs to be displayed.  The link &quot;<a"
"1.8.2","","","","","","11","href=&quot;#Ref-1.l:i;LL&quot;>&lt;Ref-1.l:i;LL&gt;</a>&quot;"
"1.8.2","","","","","","12","points to the document referenced by the link in the statement"
"1.8.2","","","","","","13","named &quot;Ref-1&quot;, invoking viewspec &quot;i&quot; for"
"1.8.2","","","","","","14","user content filtering, and sets the filter to &quot;LL&quot; to"
"1.8.2","","","","","","15","show only those statements beginning with a lower-case letter."
"1.8.2","","","","","","16","The applications are effectively endless."
"1.9","9","0280","DCE","Mon 5 Dec 1983 00:22:53 GMT+00:00","1","",""
"1.9","","","","","","1","MODIFYING THE DOCUMENT STRUCTURES"
"1.9.1","9a","0281","DCE","Thu 8 Dec 1983 00:13:01 GMT+00:00","10","",""
"1.9.1","","","","","","1","Given the array of capabilities described above, it is very"
"1.9.1","","","","","","2","simple also to provide for very flexible manipulation of the"
"1.9.1","","","","","","3","file structure.  For operating on a small, basic set of"
"1.9.1","","","","","","4","structure-entity nouns, essentially the same basic verbs may be"
"1.9.1","","","","","","5","used as for text manipulation -- i.e. Insert, Delete, Move,"
"1.9.1","","","","","","6","Copy, Replace, and Transpose are quite sufficient for most"
"1.9.1","","","","","","7","cases.  For instance, &quot;Move Branch 2b (to follow) 3c&quot;"
"1.9.1","","","","","","8","immediately moves Statement 2b and all of its substatements to"
"1.9.1","","","","","","9","follow Statement 3c -- and their statement numbers are"
"1.9.1","","","","","","10","automatically changed from 2b, 2b1, etc., to 3d, 3d1, etc."
"1.9.2","9b","0283","DCE","Thu 8 Dec 1983 00:13:11 GMT+00:00","7","",""
"1.9.2","","","","","","1","A few extra verbs are useful for structure manipulation.  For"
"1.9.2","","","","","","2","instance, a &quot;Break&quot; command will break a given"
"1.9.2","","","","","","3","statement off at a designated point in its text string, and"
"1.9.2","","","","","","4","establish the rest of the text as a new, separate statement."
"1.9.2","","","","","","5","And an &quot;Append&quot; command does the reverse -- i.e., it"
"1.9.2","","","","","","6","appends the text of one or more existing statements to the end"
"1.9.2","","","","","","7","of a designated statement."
"1.9.3","9c","0284","DCE","Thu 8 Dec 1983 00:13:16 GMT+00:00","6","",""
"1.9.3","","","","","","1","A major source of structure-modification capability derives from"
"1.9.3","","","","","","2","the associated &quot;studying&quot; capabilities.  For example,"
"1.9.3","","","","","","3","if an author can view a file (document) with specifications that"
"1.9.3","","","","","","4","show him only one line each of just those statements in the top"
"1.9.3","","","","","","5","two levels, he gets an overview of the high-level organization"
"1.9.3","","","","","","6","that helps immensely to study his current structure or outline."
"1.9.4","9d","0285","DCE","Thu 8 Dec 1983 00:14:27 GMT+00:00","7","",""
"1.9.4","","","","","","1","Concurrent use of mouse and keyset also provide considerable"
"1.9.4","","","","","","2","gains in speed and flexibility for studying and modifying"
"1.9.4","","","","","","3","document structure.  For example, if when studying the overview"
"1.9.4","","","","","","4","described in the previous paragraph, the author perceives that"
"1.9.4","","","","","","5","Statement 2b really belongs in Section 3, following Statement"
"1.9.4","","","","","","6","3c, he can execute the necessary move command in a very quick,"
"1.9.4","","","","","","7","deft manner:"
"1.9.4.1","9d1","0286","EKM","Wed 7 Dec 1983 06:58:32 GMT+00:00","3","",""
"1.9.4.1","","","","","","1","Keyset hand strikes &quot;m&quot; and &quot;b&quot; (for Move"
"1.9.4.1","","","","","","2","Branch), while the mouse hand is positioning the cursor anywhere"
"1.9.4.1","","","","","","3","in the text line of Statement 2b.  [Two chord strokes.]"
"1.9.4.2","9d2","0287","EKM","Wed 7 Dec 1983 06:58:33 GMT+00:00","7","",""
"1.9.4.2","","","","","","1","The mouse hand depresses the <a"
"1.9.4.2","","","","","","2","href=&quot;#Select&quot;>&lt;Select&gt;</a> button on the mouse"
"1.9.4.2","","","","","","3","while the cursor is on Statement 2b, then moves to Statement 3c"
"1.9.4.2","","","","","","4","and depresses it again, and then depresses it again to say,"
"1.9.4.2","","","","","","5","&quot;OK, do it.&quot;  [Three button pushes, synchronized with"
"1.9.4.2","","","","","","6","the mouse movement as it made two selections on easy, window-"
"1.9.4.2","","","","","","7","wide, whole-line targets.]"
"1.9.5","9e","0288","DCE","Thu 8 Dec 1983 00:14:57 GMT+00:00","2","",""
"1.9.5","","","","","","1","(Note:  I just had myself timed for this above operation -- an"
"1.9.5","","","","","","2","unhurried 2.5 seconds.)"
"1.9.6","9f","0329","DCE","Thu 8 Dec 1983 00:15:10 GMT+00:00","11","",""
"1.9.6","","","","","","1","In our view, interactive computer support offers an author a"
"1.9.6","","","","","","2","priceless opportunity to get away from the geometric bondage"
"1.9.6","","","","","","3","inflicted by pages, margins, and lines -- things which have very"
"1.9.6","","","","","","4","little if any bearing upon the content and organization of one's"
"1.9.6","","","","","","5","text.  In terms of value to the authoring process, we differ"
"1.9.6","","","","","","6","sharply from those who advocate a &quot;What you see is what you"
"1.9.6","","","","","","7","get&quot; working mode during the development of a document's"
"1.9.6","","","","","","8","content and organization.  For this kind of work, experienced"
"1.9.6","","","","","","9","users of the foregoing kind of flexible facility for addressing,"
"1.9.6","","","","","","10","viewing, and manipulating structured documents, would consider a"
"1.9.6","","","","","","11","&quot;What you see ...&quot; mode as a relative handicap."
"1.10","10","0289","DCE","Mon 5 Dec 1983 00:23:00 GMT+00:00","1","",""
"1.10","","","","","","1","SUPPORTING MULTI-PARTY COLLABORATION"
"1.10.1","10a","0290","DCE","Mon 5 Dec 1983 00:21:21 GMT+00:00","8","",""
"1.10.1","","","","","","1","The support that advanced technology can provide for close"
"1.10.1","","","","","","2","collaboration among knowledge workers is a very important and"
"1.10.1","","","","","","3","much under-rated possibility.  For multiple-author activities,"
"1.10.1","","","","","","4","collaborative support is an important aspect of system"
"1.10.1","","","","","","5","capability.  Some years ago, we introduced the following"
"1.10.1","","","","","","6","provisions into AUGMENT.  (A more complete, overview treatment"
"1.10.1","","","","","","7","of these is given in <a"
"1.10.1","","","","","","8","href=&quot;#Ref-8&quot;>&lt;Ref-8&gt;</a>.)"
"1.10.2","10b","0291","DCE","Sun 4 Dec 1983 00:59:20 GMT+00:00","6","",""
"1.10.2","","","","","","1","ELECTRONIC MAIL.  Its primary attributes of speed, automatic"
"1.10.2","","","","","","2","distribution, and computer-to-computer directness are well"
"1.10.2","","","","","","3","recognized -- and are generally accepted now as important to the"
"1.10.2","","","","","","4","effectiveness of knowledge workers.  AUGMENT Mail has features"
"1.10.2","","","","","","5","that are beyond what most electronic mail systems offer, and"
"1.10.2","","","","","","6","which provide unique benefit to the authorship process."
"1.10.2.1","10b1","0292","DCE","Tue 6 Dec 1983 06:58:47 GMT+00:00","12","",""
"1.10.2.1","","","","","","1","AUGMENT's mail system allows one to &quot;send&quot; complete,"
"1.10.2.1","","","","","","2","structured documents as well as small messages.  In an"
"1.10.2.1","","","","","","3","authorship environment, an important role for &quot;electronic"
"1.10.2.1","","","","","","4","mail&quot; is for the control and distribution of documents --"
"1.10.2.1","","","","","","5","where small, throw-away messages are considered to be but a"
"1.10.2.1","","","","","","6","special class of document.  An author should be able to bundle"
"1.10.2.1","","","","","","7","up any combination of text and graphics, in the forms that he"
"1.10.2.1","","","","","","8","has been using for studying and manipulating them -- and send"
"1.10.2.1","","","","","","9","the bundle to other workers.  In AUGMENT, such a bundle is just"
"1.10.2.1","","","","","","10","like any other file structure, and can be studied and"
"1.10.2.1","","","","","","11","manipulated, incorporated into other files (documents), saved or"
"1.10.2.1","","","","","","12","deleted."
"1.10.3","10c","0293","DCE","Thu 8 Dec 1983 00:15:31 GMT+00:00","12","",""
"1.10.3","","","","","","1","RECORDED MAIL -- AUGMENT's Journal System.  When mailing a"
"1.10.3","","","","","","2","document, an AUGMENT worker may optionally specify that it be"
"1.10.3","","","","","","3","installed as a &quot;recorded&quot; item.  In this case, before"
"1.10.3","","","","","","4","distributing the item, the system will make a permanent record"
"1.10.3","","","","","","5","if it, as a file in a specified Journal collection.  And, just"
"1.10.3","","","","","","6","as though it had been published, this recorded Journal item"
"1.10.3","","","","","","7","cannot later be changed.  The system assigns a straightforward"
"1.10.3","","","","","","8","accession identifier (a simple number), and any authorized"
"1.10.3","","","","","","9","worker is henceforth guaranteed access to that Journal item by"
"1.10.3","","","","","","10","specifying the name of the Journal-collection and the Journal-"
"1.10.3","","","","","","11","item number -- e.g., as specified in the link &quot;<a"
"1.10.3","","","","","","12","href=&quot;#OAD,2237,&quot;>&lt;OAD,2237,&gt;</a>&quot;."
"1.10.3.1","10c1","0365","DCE","Thu 8 Dec 1983 00:15:43 GMT+00:00","4","",""
"1.10.3.1","","","","","","1","A given journal may be set up to serve multiple hosts and is"
"1.10.3.1","","","","","","2","much like a special library.  It has its collection of"
"1.10.3.1","","","","","","3","documents, and AUGMENT provides associated support processes for"
"1.10.3.1","","","","","","4","entry, cataloging, retrieval, and access."
"1.10.3.2","10c2","0294","DCE","Tue 6 Dec 1983 06:59:33 GMT+00:00","9","",""
"1.10.3.2","","","","","","1","Together with the linking capability described above, a Journal"
"1.10.3.2","","","","","","2","system provides an extremely effective form of &quot;recorded"
"1.10.3.2","","","","","","3","dialog.&quot;  Cross-reference links between a succession of"
"1.10.3.2","","","","","","4","Journal items produces an inter-linked network of collaborative"
"1.10.3.2","","","","","","5","contributions -- plans, outlines, document drafts, schedules,"
"1.10.3.2","","","","","","6","short comments, detailed critiques, reference material, etc."
"1.10.3.2","","","","","","7","The on-line worker can follow these links very easily and, using"
"1.10.3.2","","","","","","8","multiple windows and flexible viewing options, can make very"
"1.10.3.2","","","","","","9","effective use of such records."
"1.10.3.3","10c3","0295","DCE","Thu 8 Dec 1983 00:15:53 GMT+00:00","16","",""
"1.10.3.3","","","","","","1","For instance, consider a detailed commentary directed toward a"
"1.10.3.3","","","","","","2","&quot;preliminary design&quot; document recorded in a given"
"1.10.3.3","","","","","","3","Journal collection.  The author writing the commentary could"
"1.10.3.3","","","","","","4","view the design document in one window and his developing"
"1.10.3.3","","","","","","5","commentary document in another.  He can easily establish links"
"1.10.3.3","","","","","","6","in his commentary to cite any passage in the design document --"
"1.10.3.3","","","","","","7","e.g., a statement, a term in the statement, or a diagram.  Then"
"1.10.3.3","","","","","","8","this author would submit his commentary into the Journal,"
"1.10.3.3","","","","","","9","perhaps specifying a list of colleagues for"
"1.10.3.3","","","","","","10","&quot;distribution.&quot;  Each listed user would automatically"
"1.10.3.3","","","","","","11","receive a mail item announcing this new Journal entry, giving"
"1.10.3.3","","","","","","12","subject, author, date, etc., and the all-important link to the"
"1.10.3.3","","","","","","13","new Journal file containing the commentary.  Any such recipient"
"1.10.3.3","","","","","","14","can subsequently study both the commentary and its cited"
"1.10.3.3","","","","","","15","planning document in a similar, multi-window, link-assisted"
"1.10.3.3","","","","","","16","manner."
"1.10.3.4","10c4","0331","DCE","Thu 8 Dec 1983 00:16:05 GMT+00:00","12","",""
"1.10.3.4","","","","","","1","Furthermore, this second reader could develop and submit his own"
"1.10.3.4","","","","","","2","recorded commentary, which because of the citation power of"
"1.10.3.4","","","","","","3","AUGMENT links could be as short and to the point as:"
"1.10.3.4","","","","","","4","&quot;Frankly, John, I think your comment in (DDD,xxx,aa) is a"
"1.10.3.4","","","","","","5","mistake!  Didn't you notice the earlier assumption in"
"1.10.3.4","","","","","","6","(DDD,xxx,bb)?  Maybe you should go back to Tom's earlier"
"1.10.3.4","","","","","","7","requirements document -- especially at (EEE,yy,cc).&quot;"
"1.10.3.4","","","","","","8","(Here, &quot;DDD&quot; and &quot;EEE&quot; represent Journal"
"1.10.3.4","","","","","","9","names, &quot;xxx&quot;, &quot;yyy&quot;, and &quot;zzz&quot;"
"1.10.3.4","","","","","","10","represent Journal item numbers, and &quot;aa&quot;,"
"1.10.3.4","","","","","","11","&quot;bb&quot;, and &quot;cc&quot; represent addresses pointing"
"1.10.3.4","","","","","","12","to specific passages in those Journal files.)"
"1.10.3.5","10c5","0298","DCE","Tue 6 Dec 1983 07:00:16 GMT+00:00","15","",""
"1.10.3.5","","","","","","1","In official parlance, &quot;retrieval&quot; is the finding out"
"1.10.3.5","","","","","","2","about the existence of a relevant piece of information, whereas"
"1.10.3.5","","","","","","3","&quot;access&quot; is the subsequent process of gaining"
"1.10.3.5","","","","","","4","possession of the information.  For users of AUGMENT's Journal"
"1.10.3.5","","","","","","5","system, retrieval is immensely facilitated by the widespread use"
"1.10.3.5","","","","","","6","of citation links.  When one can follow them as easily as can a"
"1.10.3.5","","","","","","7","practiced AUGMENT worker, these links provide extremely"
"1.10.3.5","","","","","","8","effective retrieval support.  We have supplemented this with"
"1.10.3.5","","","","","","9","some simple, automatically generated catalog files, which made a"
"1.10.3.5","","","","","","10","rather nice balance.  Access is provided by direct Jump on a"
"1.10.3.5","","","","","","11","reference link if the file is on line; if it isn't, AUGMENT asks"
"1.10.3.5","","","","","","12","the worker if she wants it retrieved, and a simple affirmative"
"1.10.3.5","","","","","","13","response automatically launches a request for the system"
"1.10.3.5","","","","","","14","operator to retrieve the file from its archive tape, after which"
"1.10.3.5","","","","","","15","the worker is notified of its availability via electronic mail."
"1.10.3.6","10c6","0297","DCE","Sun 4 Dec 1983 00:46:52 GMT+00:00","4","",""
"1.10.3.6","","","","","","1","A private document can be submitted into a Journal.  In this"
"1.10.3.6","","","","","","2","case, only those workers listed at Journal-entry time can get"
"1.10.3.6","","","","","","3","access to the central copy.  Such a private item would not be"
"1.10.3.6","","","","","","4","listed or indexed in the &quot;public&quot; catalogs."
"1.10.3.7","10c7","0325","DCE","Thu 8 Dec 1983 00:16:25 GMT+00:00","15","",""
"1.10.3.7","","","","","","1","We have used the Journal system very heavily since 1970 to"
"1.10.3.7","","","","","","2","support AUGMENT's development activity; many customers have"
"1.10.3.7","","","","","","3","employed it heavily since 1975.  There are about 100,000 entries"
"1.10.3.7","","","","","","4","recorded in the original Journal now (I don't know about other,"
"1.10.3.7","","","","","","5","newer AUGMENT Journal collections).  We found that as workers"
"1.10.3.7","","","","","","6","became at home in this environment, they were increasingly free"
"1.10.3.7","","","","","","7","about submitting their items to the &quot;public.&quot;  It"
"1.10.3.7","","","","","","8","became evident that the scientific tradition of active and open"
"1.10.3.7","","","","","","9","interchange has some solid relevance to the collaborative"
"1.10.3.7","","","","","","10","processes in our smaller, &quot;colleague communities.&quot;"
"1.10.3.7","","","","","","11","Time and again a worker would come across others' dialog and be"
"1.10.3.7","","","","","","12","able to contribute some valuable information (sometimes a one-"
"1.10.3.7","","","","","","13","sentence comment with a critical citation link).  Often the"
"1.10.3.7","","","","","","14","payoff went the other way: the new party found immediate value"
"1.10.3.7","","","","","","15","in an old piece of recorded dialog."
"1.10.4","10d","0300","DCE","Sun 4 Dec 1983 00:59:22 GMT+00:00","8","",""
"1.10.4","","","","","","1","SHARED-SCREEN TELECONFERENCING.  Consider a case where two"
"1.10.4","","","","","","2","people sit down to work together at a terminal, where they can"
"1.10.4","","","","","","3","both see the screen(s), and where either one can take over the"
"1.10.4","","","","","","4","controls.  This is being done countless times every day"
"1.10.4","","","","","","5","throughout the country, in different combinations of expert-"
"1.10.4","","","","","","6","expert, expert-novice, novice-coach, etc.  When talking together"
"1.10.4","","","","","","7","on their telephones, two or more distantly separated AUGMENT"
"1.10.4","","","","","","8","users can collaborate in a manner very similar to this."
"1.10.4.1","10d1","0301","DCE","Sun 4 Dec 1983 00:49:50 GMT+00:00","7","",""
"1.10.4.1","","","","","","1","Suppose that two workers, Smith and Jones, want to set up and"
"1.10.4.1","","","","","","2","operate in a Shared-Screen Conferencing mode.  Smith is in"
"1.10.4.1","","","","","","3","Princeton, working on host Office-4, and Jones is in San"
"1.10.4.1","","","","","","4","Francisco, working on host Office-12 -- and both of these host"
"1.10.4.1","","","","","","5","computers are connected to the same network.  Assumedly they are"
"1.10.4.1","","","","","","6","in telephone contact when they decide to work in this shared-"
"1.10.4.1","","","","","","7","screen mode to collaborate on Smith's current job."
"1.10.4.2","10d2","0355","DCE","Sat 3 Dec 1983 00:23:03 GMT+00:00","2","",""
"1.10.4.2","","","","","","1","Jones will enter the command &quot;Share (display with user)"
"1.10.4.2","","","","","","2","SMITH! On host OF12! Viewing (other display)!!&quot;"
"1.10.4.3","10d3","0357","DCE","Sat 3 Dec 1983 00:23:04 GMT+00:00","2","",""
"1.10.4.3","","","","","","1","Smith will enter the command &quot;Share (display with user)"
"1.10.4.3","","","","","","2","JONES! On host OF4! Showing (this display)!!&quot;"
"1.10.4.4","10d4","0427","EKM","Wed 7 Dec 1983 07:00:16 GMT+00:00","4","",""
"1.10.4.4","","","","","","1","To give these commands, each person only entered the characters"
"1.10.4.4","","","","","","2","shown in upper case (entry case actually irrelevant), plus the"
"1.10.4.4","","","","","","3","digits, plus an &quot;OK Key&quot; action where each exclamation"
"1.10.4.4","","","","","","4","point is shown."
"1.10.4.5","10d5","0302","DCE","Thu 8 Dec 1983 00:17:43 GMT+00:00","7","",""
"1.10.4.5","","","","","","1","Whatever tool that Jones is currently using will continue"
"1.10.4.5","","","","","","2","responding to his controlling actions, as evidenced by various"
"1.10.4.5","","","","","","3","feedback and portrayal actions in the windows on his screen."
"1.10.4.5","","","","","","4","Smith's screen image will clear, and be replaced with a replica"
"1.10.4.5","","","","","","5","of Jones' screen image -- multiple windows and all.  For the"
"1.10.4.5","","","","","","6","duration of the shared-screen session, Smith's screen image will"
"1.10.4.5","","","","","","7","continue to replicate what is shown on Jones' screen."
"1.10.4.6","10d6","0303","DCE","Sat 3 Dec 1983 00:27:24 GMT+00:00","5","",""
"1.10.4.6","","","","","","1","There are provisions for passing control back and forth between"
"1.10.4.6","","","","","","2","workers.  For instance, Jones can pass control to Smith so that"
"1.10.4.6","","","","","","3","Smith can show him some material or method of work.  There are"
"1.10.4.6","","","","","","4","also provisions for the subsequent entry and departure of other"
"1.10.4.6","","","","","","5","conference participants."
"1.11","11","0304","DCE","Mon 5 Dec 1983 00:23:09 GMT+00:00","1","",""
"1.11","","","","","","1","EMBEDDING THE GRAPHIC ILLUSTRATIONS"
"1.11.1","11a","0305","DCE","Fri 18 Nov 1983 00:44:14 GMT+00:00","10","",""
"1.11.1","","","","","","1","For complete support of document development, it is important to"
"1.11.1","","","","","","2","provide integrated means for developing, viewing, and"
"1.11.1","","","","","","3","manipulating graphical portrayals.  These portrayals should be"
"1.11.1","","","","","","4","part of the working files from the very start, to be studied,"
"1.11.1","","","","","","5","passed about in mail, shared in Conferencing mode, edited,"
"1.11.1","","","","","","6","captioned, labelled, and moved about within the document"
"1.11.1","","","","","","7","structure.  Furthermore, active, relevant citation links"
"1.11.1","","","","","","8","pointing to these graphical constructs would be installed in and"
"1.11.1","","","","","","9","followed from textual passages throughout the associated set of"
"1.11.1","","","","","","10","documents (including Mail and Journal documents)."
"1.11.2","11b","0308","DCE","Fri 18 Nov 1983 00:44:22 GMT+00:00","3","",""
"1.11.2","","","","","","1","AUGMENT's architecture and file structure were designed for this"
"1.11.2","","","","","","2","end, and a good bit of the associated implementation is in"
"1.11.2","","","","","","3","place."
"1.11.3","11c","0306","DCE","Thu 8 Dec 1983 00:18:01 GMT+00:00","8","",""
"1.11.3","","","","","","1","A graphical data structure can be attached to any given file"
"1.11.3","","","","","","2","node, and there are basic capabilities for composing, studying,"
"1.11.3","","","","","","3","and modifying graphical diagrams.  When formatting for a"
"1.11.3","","","","","","4","suitably equipped photo-typesetting device, there are formatting"
"1.11.3","","","","","","5","directives to designate the position and scale for placing these"
"1.11.3","","","","","","6","diagrams on a page.  An AUGMENT file with integrated text and"
"1.11.3","","","","","","7","graphics can thus be mapped automatically onto a high-quality"
"1.11.3","","","","","","8","document whose pages contain both text and line drawings."
"1.11.4","11d","0307","DCE","Tue 6 Dec 1983 07:03:23 GMT+00:00","7","",""
"1.11.4","","","","","","1","Our goal here was for what we call an &quot;illustrative"
"1.11.4","","","","","","2","graphics&quot; capability -- basic to which is a command that,"
"1.11.4","","","","","","3","when directed toward any conventional &quot;plotter&quot; file,"
"1.11.4","","","","","","4","will translate it into a diagram attached to a designated node."
"1.11.4","","","","","","5","In this way we can make use of graphic constructs developed"
"1.11.4","","","","","","6","within almost any applications system, most of which have"
"1.11.4","","","","","","7","provision for outputting &quot;conventional&quot; plotter files."
"1.11.5","11e","0332","DCE","Mon 5 Dec 1983 00:36:01 GMT+00:00","8","",""
"1.11.5","","","","","","1","The most important next step is to adapt a bit-mapped display as"
"1.11.5","","","","","","2","an AUGMENT workstation, so the integrated text and graphics can"
"1.11.5","","","","","","3","be viewed and manipulated on the same screen.  Heretofore, to do"
"1.11.5","","","","","","4","graphic work, an author has had to attach a Tektronix 4014"
"1.11.5","","","","","","5","storage-tube display to the special printer/graphic port of her"
"1.11.5","","","","","","6","AUGMENT workstation.  This has made use of AUGMENT graphics slow"
"1.11.5","","","","","","7","and expensive enough to limit the number of user groups who have"
"1.11.5","","","","","","8","developed the integrated use of mixed text and graphics."
"1.12","12","0375","DCE","Sun 4 Dec 1983 07:52:30 GMT+00:00","1","",""
"1.12","","","","","","1","CONCLUSION"
"1.12.1","12a","0397","DCE","Thu 8 Dec 1983 00:19:02 GMT+00:00","10","",""
"1.12.1","","","","","","1","AUGMENT's unique provisions stemmed for the most part from the"
"1.12.1","","","","","","2","conceptual framework within which AUGMENT was developed.  For"
"1.12.1","","","","","","3","instance, consider the pervasive and significant changes in the"
"1.12.1","","","","","","4","environment in which humans will be doing their knowledge work."
"1.12.1","","","","","","5","Note that the habits, methods, conventions, intuitions, etc.,"
"1.12.1","","","","","","6","that comprise the &quot;ways&quot; in which we think, work and"
"1.12.1","","","","","","7","collaborate, are for the most part products of many centuries of"
"1.12.1","","","","","","8","cultural evolution -- in a radically different environment."
"1.12.1","","","","","","9","With a radically different environment, this constant process of"
"1.12.1","","","","","","10","cultural evolution can be expected to take some radical turns."
"1.12.2","12b","0430","DCE","Thu 8 Dec 1983 00:19:02 GMT+00:00","9","",""
"1.12.2","","","","","","1","The AUGMENT developmental framework assumed that many of these"
"1.12.2","","","","","","2","&quot;ways&quot; are candidates now for change in directions"
"1.12.2","","","","","","3","that heretofore would not have been beneficial.  The AUGMENT"
"1.12.2","","","","","","4","system emerged as a first step in considering a few such"
"1.12.2","","","","","","5","changes, which perhaps can improve human capability for doing"
"1.12.2","","","","","","6","knowledge work because their new &quot;ways&quot; will enable us"
"1.12.2","","","","","","7","more effectively to harness the new tools toward more effective"
"1.12.2","","","","","","8","basic capability.  (This is very different from trying to"
"1.12.2","","","","","","9","&quot;automate&quot; our old &quot;ways&quot; of doing things.)"
"1.12.3","12c","0399","DCE","Tue 6 Dec 1983 07:53:19 GMT+00:00","16","",""
"1.12.3","","","","","","1","As an example, consider the &quot;What You See Is What You"
"1.12.3","","","","","","2","Get&quot; (WYSIWYG) syndrome.  It is a highly touted feature for"
"1.12.3","","","","","","3","many vendors.  It provides a definite advantage for the final"
"1.12.3","","","","","","4","process of converting a computer-held document to a nicely"
"1.12.3","","","","","","5","formatted hard copy.  But what does it do for authorship?  Well,"
"1.12.3","","","","","","6","in our framework, it has a negative impact.  We were happy to"
"1.12.3","","","","","","7","abandon those constraints of lines and pages and other"
"1.12.3","","","","","","8","formatting geometry which did not contribute to matters of"
"1.12.3","","","","","","9","content and structure.  We have chosen instead to provide the"
"1.12.3","","","","","","10","authorship process with structured files, flexible addressing,"
"1.12.3","","","","","","11","flexible window-size viewing, level and truncation viewspecs,"
"1.12.3","","","","","","12","etc. -- things that would be awkward or impossible to provide in"
"1.12.3","","","","","","13","a WYSIWYG environment.  This provides the authorship phase with"
"1.12.3","","","","","","14","flexibility and power for studying and manipulating content and"
"1.12.3","","","","","","15","structure that we wouldn't consider trading off for WYSIWYG."
"1.12.3","","","","","","16","Save it for the production phase."
"1.12.4","12d","0400","DCE","Thu 8 Dec 1983 00:20:12 GMT+00:00","10","",""
"1.12.4","","","","","","1","Here is another bit of culture that deserves re-examination."
"1.12.4","","","","","","2","Consider the dictum, &quot;Easy to learn, and natural to"
"1.12.4","","","","","","3","use.&quot;  Or, &quot;User friendly.&quot;  The question is, for"
"1.12.4","","","","","","4","whom are you judging that things will be easy, or natural, or"
"1.12.4","","","","","","5","friendly?  For designers of craft-work tool systems, very"
"1.12.4","","","","","","6","different perceptions of this issue are warranted between a"
"1.12.4","","","","","","7","system for the occasional, weekend do-it-yourself person and a"
"1.12.4","","","","","","8","system to be heavily used day after day by professionals.  The"
"1.12.4","","","","","","9","AUGMENT User Interface System enables us easily to configure"
"1.12.4","","","","","","10","either kind of a tool collection."
"1.12.5","12e","0431","DCE","Thu 8 Dec 1983 00:20:15 GMT+00:00","7","",""
"1.12.5","","","","","","1","This paper describes part of what is provided to professional"
"1.12.5","","","","","","2","knowledge workers who do a significant amount of authorship"
"1.12.5","","","","","","3","work.  We observe no more difficulty in their learning how to"
"1.12.5","","","","","","4","employ this relatively large collection of tools than one would"
"1.12.5","","","","","","5","expect for professional woodworkers in their learning about the"
"1.12.5","","","","","","6","relatively large collection of chisels and other tools of their"
"1.12.5","","","","","","7","trade."
"1.12.6","12f","0403","DCE","Tue 6 Dec 1983 07:46:58 GMT+00:00","13","",""
"1.12.6","","","","","","1","It is a basic part of our framework that, to augment human"
"1.12.6","","","","","","2","knowledge workers, attention must be given not only to tools,"
"1.12.6","","","","","","3","but to methods and skills as well.  Because of space"
"1.12.6","","","","","","4","limitations, the scope of this paper was restricted to a summary"
"1.12.6","","","","","","5","of those tool provisions within AUGMENT that especially"
"1.12.6","","","","","","6","facilitate the authorship process.  A full description of"
"1.12.6","","","","","","7","&quot;How to use AUGMENT to ...&quot; would definitely need to"
"1.12.6","","","","","","8","include methods of work that effectively harness these tool"
"1.12.6","","","","","","9","provisions, and the special kinds of skills that yield unique"
"1.12.6","","","","","","10","payoff in executing these methods.  This is true for every tool"
"1.12.6","","","","","","11","system, of course, but it seems especially true in this case"
"1.12.6","","","","","","12","because many AUGMENT provisions do not fit into the general"
"1.12.6","","","","","","13","cultural background of our authorship process."
"1.12.7","12g","0404","DCE","Tue 6 Dec 1983 07:48:14 GMT+00:00","3","",""
"1.12.7","","","","","","1","Perhaps the best way for very brief summarization of what"
"1.12.7","","","","","","2","AUGMENT's users feel about its unique features is simply to say"
"1.12.7","","","","","","3","that those who leave its working environment really miss them."
"1.13","13","0384","DCE","Mon 5 Dec 1983 00:00:47 GMT+00:00","1","",""
"1.13","","","","","","1","REFERENCES"
"1.13.1","13a","0385","DCE","Thu 8 Dec 1983 00:20:43 GMT+00:00","4","",""
"1.13.1","","","","","","1","Ref-1:.Tabto=,X+.07;Engelbart, D. C., &quot;Toward Integrated,"
"1.13.1","","","","","","2","Evolutionary Office Automation Systems,&quot; Proceedings of the"
"1.13.1","","","","","","3","26th Joint Engineering Management Conference, Denver, CO, Oct."
"1.13.1","","","","","","4","16-18, 1978, pp. 63-68.  (AUGMENT,71279,)"
"1.13.2","13b","0393","DCE","Thu 8 Dec 1983 00:20:45 GMT+00:00","4","",""
"1.13.2","","","","","","1","Ref-2:.Tabto=,X+.07;Engelbart, D. C., R. W. Watson and J. C."
"1.13.2","","","","","","2","Norton, &quot;The Augmented Knowledge Workshop,&quot; AFIPS"
"1.13.2","","","","","","3","Conference Proceedings, Volume 42, pp. 9-21, National Computer"
"1.13.2","","","","","","4","Conference, June 4-8, 1973.  (AUGMENT,14724,)"
"1.13.3","13c","0395","DCE","Thu 8 Dec 1983 00:20:53 GMT+00:00","7","",""
"1.13.3","","","","","","1","Ref-3:.Tabto=,X+.07;Michael, Elizabeth K., Dirk H. van Nouhuys,"
"1.13.3","","","","","","2","Beverly R. Boli, Raphael Rom, and Ann C. Weinberg,"
"1.13.3","","","","","","3","&quot;Document Production and Control Systems,&quot; Phase One"
"1.13.3","","","","","","4","report of Document Production and Control Systems Design Study,"
"1.13.3","","","","","","5","by the Augmentation Research Center, SRI International, for AF"
"1.13.3","","","","","","6","Rome Air Development Center, Contract F30602-76-C-003, March 1,"
"1.13.3","","","","","","7","1977.  (AUGMENT,37730,)"
"1.13.4","13d","0396","DCE","Mon 5 Dec 1983 00:20:06 GMT+00:00","7","",""
"1.13.4","","","","","","1","Ref-4:.Tabto=,X+.07;Boli, Beverly R., Harvey G Lehtman,"
"1.13.4","","","","","","2","Elizabeth K. Michael, Raphael Rom, Dirk H. van Nouhuys, and Nina"
"1.13.4","","","","","","3","Zolotow, &quot;A Model Document Production System,&quot; Phase"
"1.13.4","","","","","","4","Two report of Document Production and Control Systems Design"
"1.13.4","","","","","","5","Study, by the Augmentation Research Center, SRI International,"
"1.13.4","","","","","","6","for AF Rome Air Development Center, Contract F30602-76-C-003,"
"1.13.4","","","","","","7","July 30, 1977.  (AUGMENT,29000,)"
"1.13.5","13e","0387","DCE","Thu 8 Dec 1983 00:20:56 GMT+00:00","4","",""
"1.13.5","","","","","","1","Ref-5:.Tabto=,X+.07;Engelbart, D. C., &quot;Toward High-"
"1.13.5","","","","","","2","Performance Knowledge Workers,&quot; OAC '82 Digest (Proceedings"
"1.13.5","","","","","","3","of the 1982, AFIPS Office Automation Conference, San Francisco,"
"1.13.5","","","","","","4","Ca., April 5-7), pp. 279-290.  (AUGMENT, 81010,)"
"1.13.6","13f","0389","DCE","Mon 5 Dec 1983 00:20:09 GMT+00:00","4","",""
"1.13.6","","","","","","1","Ref-6:.Tabto=,X+.07;Watson, Richard W., &quot;User Interface"
"1.13.6","","","","","","2","Design Issues for a Large Interactive System,&quot; AFIPS"
"1.13.6","","","","","","3","Conference Proceedings, Volume 45, AFIPS Press, 1976, Montvale,"
"1.13.6","","","","","","4","NJ, pp. 357-364.  (AUGMENT,27171,)"
"1.13.7","13g","0390","DCE","Thu 8 Dec 1983 00:21:01 GMT+00:00","4","",""
"1.13.7","","","","","","1","Ref-7:.Tabto=,X+.07;Engelbart, D. C., &quot;Design"
"1.13.7","","","","","","2","Considerations for Knowledge Workshop Terminals,&quot; AFIPS"
"1.13.7","","","","","","3","Conference Proceedings, Volume 42, pp. 221-227, National"
"1.13.7","","","","","","4","Computer Conference, June 4-8, 1973.  (AUGMENT,14851,)"
"1.13.8","13h","0388","DCE","Thu 8 Dec 1983 00:21:32 GMT+00:00","4","",""
"1.13.8","","","","","","1","Ref-8:.Tabto=,X+.07;Engelbart, D. C., &quot;Collaboration"
"1.13.8","","","","","","2","Support Provisions in AUGMENT,&quot; OAC '84 Digest (Proceedings"
"1.13.8","","","","","","3","of the 1984, AFIPS Office Automation Conference, Los Angeles,"
"1.13.8","","","","","","4","Ca., February 20-22).  (OAD,2221,)"
"1.14","14","0434","DCE","Fri 9 Dec 1983 00:13:51 GMT+00:00","1","",""
"1.14","","","","","","1",".HALT;"
"1.15","15","0470","DCE","Fri 9 Dec 1983 07:50:06 GMT+00:00","1","",""
"1.15","","","","","","1","** Setting Up for Formatted Printing **"
"1.15.1","15a","0471","DCE","Fri 9 Dec 1983 07:51:48 GMT+00:00","2","",""
"1.15.1","","","","","","1","REM Process this branch for Regular-Printer Formatting -- After"
"1.15.1","","","","","","2","doing Print Rest from (0), Delete the temporary file."
"1.15.1.1","15a1","0473","DCE","Sat 10 Dec 1983 00:02:57 GMT+00:00","1","",""
"1.15.1.1","","","","","","1","update file rename temp-for-printing"
"1.15.1.2","15a2","0474","DCE","Sat 10 Dec 1983 00:03:34 GMT+00:00","1","",""
"1.15.1.2","","","","","","1","move branch Regular-Printer-Directives0d"
"1.15.1.3","15a3","0475","DCE","Sat 10 Dec 1983 00:05:11 GMT+00:00","1","",""
"1.15.1.3","","","","","","1","process branch REM-Re-Structure"
"1.15.2","15b","0472","DCE","Fri 9 Dec 1983 07:51:49 GMT+00:00","2","",""
"1.15.2","","","","","","1","REM Process this branch for Two-Column, Phototypeset Formatting"
"1.15.2","","","","","","2","-- After doing Print Rest from (0), Delete the temporary file."
"1.15.2.1","15b1","0481","DCE","Sat 10 Dec 1983 00:02:57 GMT+00:00","1","",""
"1.15.2.1","","","","","","1","update file rename temp-for-printing"
"1.15.2.2","15b2","0482","DCE","Sat 10 Dec 1983 00:09:38 GMT+00:00","1","",""
"1.15.2.2","","","","","","1","move branch Photo-Typeset-Directives0d"
"1.15.2.3","15b3","0483","DCE","Sat 10 Dec 1983 00:05:11 GMT+00:00","1","",""
"1.15.2.3","","","","","","1","process branch REM-Re-Structure"
"1.15.3","15c","0484","DCE","Sat 10 Dec 1983 00:31:21 GMT+00:00","1","",""
"1.15.3","","","","","","1","*******  Support Material for Processes"
"1.15.3.1","15c1","0443","DCE","Sat 10 Dec 1983 00:02:00 GMT+00:00","8","",""
"1.15.3.1","","","","","","1","REM-Re-Structure:  Installs &quot;.IGS&quot; Statements, and"
"1.15.3.1","","","","","","2","moves groups under them, to fix levels so that, other than the"
"1.15.3.1","","","","","","3",".IGS; Statements: (1) Only first- and seond-level headers are at"
"1.15.3.1","","","","","","4","Levels 1 and 2 respectively, (2) Third-level headers and all"
"1.15.3.1","","","","","","5","body text that isn't to be indented are at Level 3, and (3) any"
"1.15.3.1","","","","","","6","statement that is to be indented is at Level 4. the only 4-th"
"1.15.3.1","","","","","","7","level statements are those that it is planned for being"
"1.15.3.1","","","","","","8","indented."
"1.15.3.1.1","15c1a","0479","DCE","Mon 12 Jul 1982 06:51:45 GMT+00:00","1","",""
"1.15.3.1.1","","","","","","1","!Show Command N"
"1.15.3.1.2","15c1b","0444","DCE","Fri 9 Dec 1983 06:25:45 GMT+00:00","1","",""
"1.15.3.1.2","","","","","","1","Insert Stat 0366d.IGS;"
"1.15.3.1.2.1","15c1b1","0445","DCE","Fri 9 Dec 1983 06:25:56 GMT+00:00","1","",""
"1.15.3.1.2.1","","","","","","1","move group 040904090366.dd"
"1.15.3.1.3","15c1c","0446","DCE","Fri 9 Dec 1983 06:26:08 GMT+00:00","1","",""
"1.15.3.1.3","","","","","","1","Insert Stat 068d.IGS;"
"1.15.3.1.3.1","15c1c1","0447","DCE","Fri 9 Dec 1983 06:26:13 GMT+00:00","1","",""
"1.15.3.1.3.1","","","","","","1","move group 03350235068.dd"
"1.15.3.1.4","15c1d","0449","DCE","Fri 9 Dec 1983 06:26:32 GMT+00:00","1","",""
"1.15.3.1.4","","","","","","1","Insert Stat 0218d.IGS;"
"1.15.3.1.4.1","15c1d1","0450","DCE","Fri 9 Dec 1983 06:27:08 GMT+00:00","1","",""
"1.15.3.1.4.1","","","","","","1","move group 023403540218.dd"
"1.15.3.1.5","15c1e","0451","DCE","Fri 9 Dec 1983 06:27:23 GMT+00:00","1","",""
"1.15.3.1.5","","","","","","1","Insert Stat 0239d.IGS;"
"1.15.3.1.5.1","15c1e1","0452","DCE","Fri 9 Dec 1983 06:27:26 GMT+00:00","1","",""
"1.15.3.1.5.1","","","","","","1","move group 024002400239.dd"
"1.15.3.1.6","15c1f","0453","DCE","Fri 9 Dec 1983 06:27:48 GMT+00:00","1","",""
"1.15.3.1.6","","","","","","1","Insert Stat 0257.IGS;"
"1.15.3.1.6.1","15c1f1","0454","DCE","Fri 9 Dec 1983 06:27:58 GMT+00:00","1","",""
"1.15.3.1.6.1","","","","","","1","move group 025602560257.sd"
"1.15.3.1.7","15c1g","0456","DCE","Fri 9 Dec 1983 06:28:14 GMT+00:00","1","",""
"1.15.3.1.7","","","","","","1","Insert Stat 0263d.IGS;"
"1.15.3.1.7.1","15c1g1","0457","DCE","Fri 9 Dec 1983 06:28:10 GMT+00:00","1","",""
"1.15.3.1.7.1","","","","","","1","move group 037203720263.dd"
"1.15.3.1.8","15c1h","0459","DCE","Fri 9 Dec 1983 06:28:33 GMT+00:00","1","",""
"1.15.3.1.8","","","","","","1","Insert Stat 0275d.IGS;"
"1.15.3.1.8.1","15c1h1","0460","DCE","Fri 9 Dec 1983 06:28:35 GMT+00:00","1","",""
"1.15.3.1.8.1","","","","","","1","move group 027602770275.dd"
"1.15.3.1.9","15c1i","0461","DCE","Fri 9 Dec 1983 06:28:41 GMT+00:00","1","",""
"1.15.3.1.9","","","","","","1","Insert Stat 0280d.IGS;"
"1.15.3.1.9.1","15c1i1","0462","DCE","Fri 9 Dec 1983 06:28:51 GMT+00:00","1","",""
"1.15.3.1.9.1","","","","","","1","move group 028103290280.dd"
"1.15.3.1.10","15c1j","0463","DCE","Fri 9 Dec 1983 06:29:00 GMT+00:00","1","",""
"1.15.3.1.10","","","","","","1","Insert Stat 0289d.IGS;"
"1.15.3.1.10.1","15c1j1","0464","DCE","Fri 9 Dec 1983 06:29:04 GMT+00:00","1","",""
"1.15.3.1.10.1","","","","","","1","move group 029002900289.dd"
"1.15.3.1.11","15c1k","0465","DCE","Fri 9 Dec 1983 06:29:17 GMT+00:00","1","",""
"1.15.3.1.11","","","","","","1","Insert Stat 0304d.IGS;"
"1.15.3.1.11.1","15c1k1","0466","DCE","Fri 9 Dec 1983 06:29:19 GMT+00:00","1","",""
"1.15.3.1.11.1","","","","","","1","move group 030503320304.dd"
"1.15.3.1.12","15c1l","0467","DCE","Fri 9 Dec 1983 06:29:25 GMT+00:00","1","",""
"1.15.3.1.12","","","","","","1","Insert Stat 0375d.IGS;"
"1.15.3.1.12.1","15c1l1","0468","DCE","Fri 9 Dec 1983 06:29:29 GMT+00:00","1","",""
"1.15.3.1.12.1","","","","","","1","move group 039704040375.dd"
"1.15.3.1.13","15c1m","0476","DCE","Sat 10 Dec 1983 00:03:48 GMT+00:00","1","",""
"1.15.3.1.13","","","","","","1","jump item 1wyhnjuA"
"1.15.3.1.14","15c1n","0477","DCE","Sat 10 Dec 1983 00:32:22 GMT+00:00","1","",""
"1.15.3.1.14","","","","","","1","!Pause  Position&amp;View ready for OP Output from here."
"1.15.3.2","15c2","0436","DCE","Sat 10 Dec 1983 00:03:24 GMT+00:00","1","",""
"1.15.3.2","","","","","","1","Regular-Printer-Directives:"
"1.15.3.2.1","15c2a","0437","DCE","Fri 9 Dec 1983 00:22:35 GMT+00:00","2","",""
"1.15.3.2.1","","","","","","1",".ILev=0; .Pxi[4]=3; .Pxishow=4;  %Lev-4 stats indented, others"
"1.15.3.2.1","","","","","","2","flush left%.Pxpshow=1; %Center all first-level stats%"
"1.15.3.2.2","15c2b","0440","DCE","Fri 9 Dec 1983 00:23:09 GMT+00:00","2","",""
"1.15.3.2.2","","","","","","1",".H=&quot;Authorship Provisions in AUGMENT .Split; DCE 9-Dec-83"
"1.15.3.2.2","","","","","","2","(OAD,2250,)&quot;;.Hj=&quot;&quot;;"
"1.15.3.2.3","15c2c","0442","DCE","Fri 9 Dec 1983 00:23:12 GMT+00:00","1","",""
"1.15.3.2.3","","","","","","1",".Fp=Fl; .F=&quot;COMPCON 84 .Split; Page .GPN;&quot;;"
"1.15.3.2.4","15c2d","0441","DCE","Fri 9 Dec 1983 00:32:09 GMT+00:00","1","",""
"1.15.3.2.4","","","","","","1",".LM=6; .RM=LM+63; .PES;"
"1.15.3.3","15c3","0433","DCE","Sat 10 Dec 1983 00:03:24 GMT+00:00","1","",""
"1.15.3.3","","","","","","1","Photo-Typeset-Directives:"
"1.15.3.3.1","15c3a","0432","DCE","Fri 9 Dec 1983 00:13:16 GMT+00:00","3","",""
"1.15.3.3.1","","","","","","1",".ILev=0; .Pxi[4]=3; .Pxishow=4;  %Lev-4 stats indented, others"
"1.15.3.3.1","","","","","","2","flush left%.Pxpshow=1; %Center all first-level stats%.PN=0;"
"1.15.3.3.1","","","","","","3",".PShow>0;"
"1.15.3.3.2","15c3b","0411","DCE","Fri 9 Dec 1983 00:15:22 GMT+00:00","15","",""
"1.15.3.3.2","","","","","","1",".Pn=0;.Pes; Submitted for COMPCON Digest, Feb 28 - Mar 1, '84,"
"1.15.3.3.2","","","","","","2","SF [*Typesetting done by EKM *] .XMAX=,9.0; .YMAX=,11.0;"
"1.15.3.3.2","","","","","","3",".Lmbase=0,0.0; .Lm=11,0.0; .RM=62,8.625;  .Tm=6,0.25;"
"1.15.3.3.2","","","","","","4",".Bm=57,10.75; .Ypf=2,0.35; .Yfh=3,0.0; .Ilev=Off;  .Pntype=2001;"
"1.15.3.3.2","","","","","","5",".Fp=Oddr; .H=&quot; &quot;;"
"1.15.3.3.2","","","","","","6",".Defaultfont=11p,CenturySchool,Medium;"
"1.15.3.3.2","","","","","","7",".H1font=11p,CenturySchool,Bold; .Ffont=11p,CenturySchool,Bold;"
"1.15.3.3.2","","","","","","8",".Pxfontshow=1; .Pxfont[1]=11p,CenturySchool,Bold;"
"1.15.3.3.2","","","","","","9",".V1font=11p,15,Bold; .V2font=11p,CenturySchool,Slanted;"
"1.15.3.3.2","","","","","","10",".V3font=11p,CenturySchool,Smallcaps;"
"1.15.3.3.2","","","","","","11",".V4font=11p,CenturySchool,Bold; .V5font=11p,15,Medium;"
"1.15.3.3.2","","","","","","12",".Defsyn[Underline]=U; .Code['^]=40B; .Bp=J; .Pxpshow=1;.Pxp=C;"
"1.15.3.3.2","","","","","","13",".Ybs=0,.03; .Pxfshow=[0,0]; .Pxfyd=0,0;  .Pxfyu=0,0;"
"1.15.3.3.2","","","","","","14",".Pxfys=0,0; .Pn=0; .Grab=6,72P;.HSw=OFF; .FSw=OFF;"
"1.15.3.3.2","","","","","","15",".Hyphenate=On; .PES;"
"1.15.3.3.3","15c3c","0412","EKM","Wed 7 Dec 1983 06:50:34 GMT+00:00","2","",""
"1.15.3.3.3","","","","","","1",".PXIFIRSTSHOW=3,4; .PXIFIRST[3]=3,15P; .PXIFIRST[4]=3,30P;"
"1.15.3.3.3","","","","","","2",".PXIRESTSHOW=4; .PXIREST[4]=3,30P; .PXIREST[7]=7,33P;"
